/*
 Navicat Premium Data Transfer

 Source Server         : Local
 Source Server Type    : MySQL
 Source Server Version : 100139
 Source Host           : localhost:3306
 Source Schema         : tpacare

 Target Server Type    : MySQL
 Target Server Version : 100139
 File Encoding         : 65001

 Date: 09/05/2020 09:32:25
*/

SET NAMES utf8mb4;
SET FOREIGN_KEY_CHECKS = 0;

-- ----------------------------
-- Table structure for cb_menus
-- ----------------------------
DROP TABLE IF EXISTS `cb_menus`;
CREATE TABLE `cb_menus`  (
  `id` int(10) UNSIGNED NOT NULL AUTO_INCREMENT,
  `name` varchar(255) CHARACTER SET utf8 COLLATE utf8_general_ci NOT NULL,
  `icon` varchar(255) CHARACTER SET utf8 COLLATE utf8_general_ci NULL DEFAULT NULL,
  `path` varchar(255) CHARACTER SET utf8 COLLATE utf8_general_ci NULL DEFAULT NULL,
  `type` varchar(255) CHARACTER SET utf8 COLLATE utf8_general_ci NOT NULL,
  `sort_number` int(11) NOT NULL DEFAULT 0,
  `cb_modules_id` int(11) NULL DEFAULT NULL,
  `parent_cb_menus_id` int(11) NULL DEFAULT NULL,
  PRIMARY KEY (`id`) USING BTREE
) ENGINE = InnoDB AUTO_INCREMENT = 8 CHARACTER SET = utf8 COLLATE = utf8_general_ci ROW_FORMAT = Compact;

-- ----------------------------
-- Records of cb_menus
-- ----------------------------
INSERT INTO `cb_menus` VALUES (3, 'Hospital', 'fa fa-hospital-o', NULL, 'module', 2, 3, NULL);
INSERT INTO `cb_menus` VALUES (4, 'Promotions', 'fa fa-gift', NULL, 'module', 3, 4, NULL);
INSERT INTO `cb_menus` VALUES (5, 'Company', 'fa fa-institution', NULL, 'module', 1, 2, NULL);
INSERT INTO `cb_menus` VALUES (6, 'Users', 'fa fa-user-circle', NULL, 'module', 0, 1, NULL);
INSERT INTO `cb_menus` VALUES (7, 'Article', 'fa fa-edit', NULL, 'module', 4, 5, NULL);

-- ----------------------------
-- Table structure for cb_modules
-- ----------------------------
DROP TABLE IF EXISTS `cb_modules`;
CREATE TABLE `cb_modules`  (
  `id` int(10) UNSIGNED NOT NULL AUTO_INCREMENT,
  `name` varchar(255) CHARACTER SET utf8 COLLATE utf8_general_ci NOT NULL,
  `icon` varchar(255) CHARACTER SET utf8 COLLATE utf8_general_ci NOT NULL,
  `table_name` varchar(255) CHARACTER SET utf8 COLLATE utf8_general_ci NOT NULL,
  `controller` varchar(255) CHARACTER SET utf8 COLLATE utf8_general_ci NOT NULL,
  `last_column_build` longtext CHARACTER SET utf8 COLLATE utf8_general_ci NULL,
  PRIMARY KEY (`id`) USING BTREE
) ENGINE = InnoDB AUTO_INCREMENT = 6 CHARACTER SET = utf8 COLLATE = utf8_general_ci ROW_FORMAT = Compact;

-- ----------------------------
-- Records of cb_modules
-- ----------------------------
INSERT INTO `cb_modules` VALUES (1, 'Users', 'fa fa-user-circle', 'users', 'AdminUsersController', '[{\"column_label\":\"Name\",\"column_field\":\"name\",\"column_type\":\"text\",\"column_file_encrypt\":\"on\",\"column_image_width\":null,\"column_image_height\":null,\"column_option_table\":null,\"column_date_format\":null,\"column_text_display_limit\":150,\"column_text_max\":255,\"column_text_min\":0,\"column_money_prefix\":null,\"column_money_precision\":null,\"column_money_thousand_separator\":null,\"column_money_decimal_separator\":null,\"column_option_value\":null,\"column_option_display\":null,\"column_option_sql_condition\":null,\"column_options\":[],\"column_sql_query\":null,\"column_help\":null,\"column_mandatory\":\"on\",\"column_browse\":\"on\",\"column_detail\":\"on\",\"column_edit\":\"on\",\"column_add\":\"on\",\"column_filterable\":null,\"column_foreign\":null,\"listTableColumns\":[]},{\"column_label\":\"Email\",\"column_field\":\"email\",\"column_type\":\"email\",\"column_file_encrypt\":\"on\",\"column_image_width\":null,\"column_image_height\":null,\"column_option_table\":null,\"column_date_format\":null,\"column_text_display_limit\":150,\"column_text_max\":255,\"column_text_min\":0,\"column_money_prefix\":null,\"column_money_precision\":null,\"column_money_thousand_separator\":null,\"column_money_decimal_separator\":null,\"column_option_value\":null,\"column_option_display\":null,\"column_option_sql_condition\":null,\"column_options\":[],\"column_sql_query\":null,\"column_help\":null,\"column_mandatory\":\"on\",\"column_browse\":\"on\",\"column_detail\":\"on\",\"column_edit\":\"on\",\"column_add\":\"on\",\"column_filterable\":null,\"column_foreign\":null,\"listTableColumns\":[]},{\"column_label\":\"Email Verified At\",\"column_field\":\"email_verified_at\",\"column_type\":\"datetime\",\"column_file_encrypt\":\"on\",\"column_image_width\":null,\"column_image_height\":null,\"column_option_table\":null,\"column_date_format\":null,\"column_text_display_limit\":150,\"column_text_max\":255,\"column_text_min\":0,\"column_money_prefix\":null,\"column_money_precision\":null,\"column_money_thousand_separator\":null,\"column_money_decimal_separator\":null,\"column_option_value\":null,\"column_option_display\":null,\"column_option_sql_condition\":null,\"column_options\":[],\"column_sql_query\":null,\"column_help\":null,\"column_mandatory\":false,\"column_browse\":false,\"column_detail\":false,\"column_edit\":false,\"column_add\":false,\"column_filterable\":null,\"column_foreign\":null,\"listTableColumns\":[]},{\"column_label\":\"Password\",\"column_field\":\"password\",\"column_type\":\"text\",\"column_file_encrypt\":\"on\",\"column_image_width\":null,\"column_image_height\":null,\"column_option_table\":null,\"column_date_format\":null,\"column_text_display_limit\":150,\"column_text_max\":255,\"column_text_min\":0,\"column_money_prefix\":null,\"column_money_precision\":null,\"column_money_thousand_separator\":null,\"column_money_decimal_separator\":null,\"column_option_value\":null,\"column_option_display\":null,\"column_option_sql_condition\":null,\"column_options\":[],\"column_sql_query\":null,\"column_help\":null,\"column_mandatory\":\"on\",\"column_browse\":false,\"column_detail\":\"on\",\"column_edit\":\"on\",\"column_add\":\"on\",\"column_filterable\":null,\"column_foreign\":null,\"listTableColumns\":[]},{\"column_label\":\"Access Token\",\"column_field\":\"access_token\",\"column_type\":\"text\",\"column_file_encrypt\":\"on\",\"column_image_width\":null,\"column_image_height\":null,\"column_option_table\":null,\"column_date_format\":null,\"column_text_display_limit\":150,\"column_text_max\":255,\"column_text_min\":0,\"column_money_prefix\":null,\"column_money_precision\":null,\"column_money_thousand_separator\":null,\"column_money_decimal_separator\":null,\"column_option_value\":null,\"column_option_display\":null,\"column_option_sql_condition\":null,\"column_options\":[],\"column_sql_query\":null,\"column_help\":null,\"column_mandatory\":false,\"column_browse\":false,\"column_detail\":false,\"column_edit\":false,\"column_add\":false,\"column_filterable\":null,\"column_foreign\":null,\"listTableColumns\":[]},{\"column_label\":\"Remember Token\",\"column_field\":\"remember_token\",\"column_type\":\"text\",\"column_file_encrypt\":\"on\",\"column_image_width\":null,\"column_image_height\":null,\"column_option_table\":null,\"column_date_format\":null,\"column_text_display_limit\":150,\"column_text_max\":255,\"column_text_min\":0,\"column_money_prefix\":null,\"column_money_precision\":null,\"column_money_thousand_separator\":null,\"column_money_decimal_separator\":null,\"column_option_value\":null,\"column_option_display\":null,\"column_option_sql_condition\":null,\"column_options\":[],\"column_sql_query\":null,\"column_help\":null,\"column_mandatory\":false,\"column_browse\":false,\"column_detail\":false,\"column_edit\":false,\"column_add\":false,\"column_filterable\":null,\"column_foreign\":null,\"listTableColumns\":[]},{\"column_label\":\"Created At\",\"column_field\":\"created_at\",\"column_type\":\"datetime\",\"column_file_encrypt\":\"on\",\"column_image_width\":null,\"column_image_height\":null,\"column_option_table\":null,\"column_date_format\":null,\"column_text_display_limit\":150,\"column_text_max\":255,\"column_text_min\":0,\"column_money_prefix\":null,\"column_money_precision\":null,\"column_money_thousand_separator\":null,\"column_money_decimal_separator\":null,\"column_option_value\":null,\"column_option_display\":null,\"column_option_sql_condition\":null,\"column_options\":[],\"column_sql_query\":null,\"column_help\":null,\"column_mandatory\":null,\"column_browse\":false,\"column_detail\":true,\"column_edit\":null,\"column_add\":null,\"column_filterable\":null,\"column_foreign\":null,\"listTableColumns\":[]},{\"column_label\":\"Updated At\",\"column_field\":\"updated_at\",\"column_type\":\"datetime\",\"column_file_encrypt\":\"on\",\"column_image_width\":null,\"column_image_height\":null,\"column_option_table\":null,\"column_date_format\":null,\"column_text_display_limit\":150,\"column_text_max\":255,\"column_text_min\":0,\"column_money_prefix\":null,\"column_money_precision\":null,\"column_money_thousand_separator\":null,\"column_money_decimal_separator\":null,\"column_option_value\":null,\"column_option_display\":null,\"column_option_sql_condition\":null,\"column_options\":[],\"column_sql_query\":null,\"column_help\":null,\"column_mandatory\":null,\"column_browse\":false,\"column_detail\":\"on\",\"column_edit\":null,\"column_add\":null,\"column_filterable\":null,\"column_foreign\":null,\"listTableColumns\":[]},{\"column_label\":\"Photo\",\"column_field\":\"photo\",\"column_type\":\"image\",\"column_file_encrypt\":\"on\",\"column_image_width\":null,\"column_image_height\":null,\"column_option_table\":null,\"column_date_format\":null,\"column_text_display_limit\":150,\"column_text_max\":255,\"column_text_min\":0,\"column_money_prefix\":null,\"column_money_precision\":null,\"column_money_thousand_separator\":null,\"column_money_decimal_separator\":null,\"column_option_value\":null,\"column_option_display\":null,\"column_option_sql_condition\":null,\"column_options\":[],\"column_sql_query\":null,\"column_help\":null,\"column_mandatory\":false,\"column_browse\":\"on\",\"column_detail\":\"on\",\"column_edit\":\"on\",\"column_add\":\"on\",\"column_filterable\":null,\"column_foreign\":null,\"listTableColumns\":[]},{\"column_label\":\"Role\",\"column_field\":\"cb_roles_id\",\"column_type\":\"select_table\",\"column_file_encrypt\":\"on\",\"column_image_width\":null,\"column_image_height\":null,\"column_option_table\":\"cb_roles\",\"column_date_format\":null,\"column_text_display_limit\":150,\"column_text_max\":255,\"column_text_min\":0,\"column_money_prefix\":null,\"column_money_precision\":null,\"column_money_thousand_separator\":null,\"column_money_decimal_separator\":null,\"column_option_value\":\"id\",\"column_option_display\":\"name\",\"column_option_sql_condition\":null,\"column_options\":[],\"column_sql_query\":null,\"column_help\":null,\"column_mandatory\":\"on\",\"column_browse\":\"on\",\"column_detail\":\"on\",\"column_edit\":\"on\",\"column_add\":\"on\",\"column_filterable\":null,\"column_foreign\":null,\"listTableColumns\":[{\"column\":\"id\",\"primary_key\":true,\"display\":false},{\"column\":\"name\",\"primary_key\":false,\"display\":true}]},{\"column_label\":\"Ip Address\",\"column_field\":\"ip_address\",\"column_type\":\"text\",\"column_file_encrypt\":\"on\",\"column_image_width\":null,\"column_image_height\":null,\"column_option_table\":null,\"column_date_format\":null,\"column_text_display_limit\":150,\"column_text_max\":255,\"column_text_min\":0,\"column_money_prefix\":null,\"column_money_precision\":null,\"column_money_thousand_separator\":null,\"column_money_decimal_separator\":null,\"column_option_value\":null,\"column_option_display\":null,\"column_option_sql_condition\":null,\"column_options\":[],\"column_sql_query\":null,\"column_help\":null,\"column_mandatory\":false,\"column_browse\":false,\"column_detail\":\"on\",\"column_edit\":false,\"column_add\":false,\"column_filterable\":null,\"column_foreign\":null,\"listTableColumns\":[]},{\"column_label\":\"User Agent\",\"column_field\":\"user_agent\",\"column_type\":\"text\",\"column_file_encrypt\":\"on\",\"column_image_width\":null,\"column_image_height\":null,\"column_option_table\":null,\"column_date_format\":null,\"column_text_display_limit\":150,\"column_text_max\":255,\"column_text_min\":0,\"column_money_prefix\":null,\"column_money_precision\":null,\"column_money_thousand_separator\":null,\"column_money_decimal_separator\":null,\"column_option_value\":null,\"column_option_display\":null,\"column_option_sql_condition\":null,\"column_options\":[],\"column_sql_query\":null,\"column_help\":null,\"column_mandatory\":false,\"column_browse\":false,\"column_detail\":\"on\",\"column_edit\":false,\"column_add\":false,\"column_filterable\":null,\"column_foreign\":null,\"listTableColumns\":[]},{\"column_label\":\"Login At\",\"column_field\":\"login_at\",\"column_type\":\"datetime\",\"column_file_encrypt\":\"on\",\"column_image_width\":null,\"column_image_height\":null,\"column_option_table\":null,\"column_date_format\":null,\"column_text_display_limit\":150,\"column_text_max\":255,\"column_text_min\":0,\"column_money_prefix\":null,\"column_money_precision\":null,\"column_money_thousand_separator\":null,\"column_money_decimal_separator\":null,\"column_option_value\":null,\"column_option_display\":null,\"column_option_sql_condition\":null,\"column_options\":[],\"column_sql_query\":null,\"column_help\":null,\"column_mandatory\":false,\"column_browse\":false,\"column_detail\":\"on\",\"column_edit\":false,\"column_add\":false,\"column_filterable\":null,\"column_foreign\":null,\"listTableColumns\":[]}]');
INSERT INTO `cb_modules` VALUES (2, 'Company', 'fa fa-institution', 'tpa_company', 'AdminCompanyController', '[{\"column_label\":\"Name\",\"column_field\":\"name\",\"column_type\":\"text\",\"column_file_encrypt\":\"on\",\"column_image_width\":null,\"column_image_height\":null,\"column_option_table\":null,\"column_date_format\":null,\"column_text_display_limit\":150,\"column_text_max\":255,\"column_text_min\":0,\"column_money_prefix\":null,\"column_money_precision\":null,\"column_money_thousand_separator\":null,\"column_money_decimal_separator\":null,\"column_option_value\":null,\"column_option_display\":null,\"column_option_sql_condition\":null,\"column_options\":[],\"column_sql_query\":null,\"column_help\":null,\"column_mandatory\":\"on\",\"column_browse\":\"on\",\"column_detail\":\"on\",\"column_edit\":\"on\",\"column_add\":\"on\",\"column_filterable\":null,\"column_foreign\":null,\"listTableColumns\":[]},{\"column_label\":\"Policy No\",\"column_field\":\"policy_no\",\"column_type\":\"text\",\"column_file_encrypt\":\"on\",\"column_image_width\":null,\"column_image_height\":null,\"column_option_table\":null,\"column_date_format\":null,\"column_text_display_limit\":150,\"column_text_max\":255,\"column_text_min\":0,\"column_money_prefix\":null,\"column_money_precision\":null,\"column_money_thousand_separator\":null,\"column_money_decimal_separator\":null,\"column_option_value\":null,\"column_option_display\":null,\"column_option_sql_condition\":null,\"column_options\":[],\"column_sql_query\":null,\"column_help\":null,\"column_mandatory\":\"on\",\"column_browse\":\"on\",\"column_detail\":\"on\",\"column_edit\":\"on\",\"column_add\":\"on\",\"column_filterable\":null,\"column_foreign\":null,\"listTableColumns\":[]},{\"column_label\":\"Created At\",\"column_field\":\"created_at\",\"column_type\":\"datetime\",\"column_file_encrypt\":\"on\",\"column_image_width\":null,\"column_image_height\":null,\"column_option_table\":null,\"column_date_format\":null,\"column_text_display_limit\":150,\"column_text_max\":255,\"column_text_min\":0,\"column_money_prefix\":null,\"column_money_precision\":null,\"column_money_thousand_separator\":null,\"column_money_decimal_separator\":null,\"column_option_value\":null,\"column_option_display\":null,\"column_option_sql_condition\":null,\"column_options\":[],\"column_sql_query\":null,\"column_help\":null,\"column_mandatory\":null,\"column_browse\":false,\"column_detail\":\"on\",\"column_edit\":null,\"column_add\":null,\"column_filterable\":null,\"column_foreign\":null,\"listTableColumns\":[]},{\"column_label\":\"Updated At\",\"column_field\":\"updated_at\",\"column_type\":\"datetime\",\"column_file_encrypt\":\"on\",\"column_image_width\":null,\"column_image_height\":null,\"column_option_table\":null,\"column_date_format\":null,\"column_text_display_limit\":150,\"column_text_max\":255,\"column_text_min\":0,\"column_money_prefix\":null,\"column_money_precision\":null,\"column_money_thousand_separator\":null,\"column_money_decimal_separator\":null,\"column_option_value\":null,\"column_option_display\":null,\"column_option_sql_condition\":null,\"column_options\":[],\"column_sql_query\":null,\"column_help\":null,\"column_mandatory\":null,\"column_browse\":false,\"column_detail\":\"on\",\"column_edit\":null,\"column_add\":null,\"column_filterable\":null,\"column_foreign\":null,\"listTableColumns\":[]}]');
INSERT INTO `cb_modules` VALUES (3, 'Hospital', 'fa fa-hospital-o', 'tpa_hospital', 'AdminHospitalController', '[\r\n    {\r\n        \"column_label\": \"Name\",\r\n        \"column_field\": \"name\",\r\n        \"column_type\": \"text\",\r\n        \"column_file_encrypt\": \"on\",\r\n        \"column_image_width\": null,\r\n        \"column_image_height\": null,\r\n        \"column_option_table\": null,\r\n        \"column_date_format\": null,\r\n        \"column_text_display_limit\": 150,\r\n        \"column_text_max\": 255,\r\n        \"column_text_min\": 0,\r\n        \"column_money_prefix\": null,\r\n        \"column_money_precision\": null,\r\n        \"column_money_thousand_separator\": null,\r\n        \"column_money_decimal_separator\": null,\r\n        \"column_option_value\": null,\r\n        \"column_option_display\": null,\r\n        \"column_option_sql_condition\": null,\r\n        \"column_options\": [],\r\n        \"column_sql_query\": null,\r\n        \"column_help\": null,\r\n        \"column_mandatory\": \"on\",\r\n        \"column_browse\": \"on\",\r\n        \"column_detail\": \"on\",\r\n        \"column_edit\": \"on\",\r\n        \"column_add\": \"on\",\r\n        \"column_filterable\": null,\r\n        \"column_foreign\": null,\r\n        \"listTableColumns\": []\r\n    },\r\n    {\r\n        \"column_label\": \"Branch\",\r\n        \"column_field\": \"branch\",\r\n        \"column_type\": \"text\",\r\n        \"column_file_encrypt\": \"on\",\r\n        \"column_image_width\": null,\r\n        \"column_image_height\": null,\r\n        \"column_money_prefix\": null,\r\n        \"column_money_precision\": null,\r\n        \"column_money_thousand_separator\": null,\r\n        \"column_money_decimal_separator\": null,\r\n        \"column_text_display_limit\": \"250\",\r\n        \"column_text_max\": \"250\",\r\n        \"column_text_min\": null,\r\n        \"column_date_format\": null,\r\n        \"column_option_table\": null,\r\n        \"column_option_value\": null,\r\n        \"column_option_display\": null,\r\n        \"column_option_sql_condition\": null,\r\n        \"column_options\": [],\r\n        \"column_sql_query\": null,\r\n        \"column_help\": null,\r\n        \"column_mandatory\": \"on\",\r\n        \"column_browse\": \"on\",\r\n        \"column_detail\": \"on\",\r\n        \"column_edit\": \"on\",\r\n        \"column_add\": \"on\",\r\n        \"column_filterable\": null,\r\n        \"column_foreign\": null,\r\n        \"listTableColumns\": []\r\n    },\r\n    {\r\n        \"column_label\": \"Telephone\",\r\n        \"column_field\": \"telephone\",\r\n        \"column_type\": \"text\",\r\n        \"column_file_encrypt\": \"on\",\r\n        \"column_image_width\": null,\r\n        \"column_image_height\": null,\r\n        \"column_option_table\": null,\r\n        \"column_date_format\": null,\r\n        \"column_text_display_limit\": 150,\r\n        \"column_text_max\": 255,\r\n        \"column_text_min\": 0,\r\n        \"column_money_prefix\": null,\r\n        \"column_money_precision\": null,\r\n        \"column_money_thousand_separator\": null,\r\n        \"column_money_decimal_separator\": null,\r\n        \"column_option_value\": null,\r\n        \"column_option_display\": null,\r\n        \"column_option_sql_condition\": null,\r\n        \"column_options\": [],\r\n        \"column_sql_query\": null,\r\n        \"column_help\": null,\r\n        \"column_mandatory\": \"on\",\r\n        \"column_browse\": \"on\",\r\n        \"column_detail\": \"on\",\r\n        \"column_edit\": \"on\",\r\n        \"column_add\": \"on\",\r\n        \"column_filterable\": null,\r\n        \"column_foreign\": null,\r\n        \"listTableColumns\": []\r\n    },\r\n    {\r\n        \"column_label\": \"Url\",\r\n        \"column_field\": \"url\",\r\n        \"column_type\": \"text\",\r\n        \"column_file_encrypt\": \"on\",\r\n        \"column_image_width\": null,\r\n        \"column_image_height\": null,\r\n        \"column_option_table\": null,\r\n        \"column_date_format\": null,\r\n        \"column_text_display_limit\": 150,\r\n        \"column_text_max\": 255,\r\n        \"column_text_min\": 0,\r\n        \"column_money_prefix\": null,\r\n        \"column_money_precision\": null,\r\n        \"column_money_thousand_separator\": null,\r\n        \"column_money_decimal_separator\": null,\r\n        \"column_option_value\": null,\r\n        \"column_option_display\": null,\r\n        \"column_option_sql_condition\": null,\r\n        \"column_options\": [],\r\n        \"column_sql_query\": null,\r\n        \"column_help\": null,\r\n        \"column_mandatory\": false,\r\n        \"column_browse\": \"on\",\r\n        \"column_detail\": \"on\",\r\n        \"column_edit\": \"on\",\r\n        \"column_add\": \"on\",\r\n        \"column_filterable\": null,\r\n        \"column_foreign\": null,\r\n        \"listTableColumns\": []\r\n    },\r\n    {\r\n        \"column_label\": \"Address\",\r\n        \"column_field\": \"address\",\r\n        \"column_type\": \"text_area\",\r\n        \"column_file_encrypt\": \"on\",\r\n        \"column_image_width\": null,\r\n        \"column_image_height\": null,\r\n        \"column_option_table\": null,\r\n        \"column_date_format\": null,\r\n        \"column_text_display_limit\": 150,\r\n        \"column_text_max\": null,\r\n        \"column_text_min\": null,\r\n        \"column_money_prefix\": null,\r\n        \"column_money_precision\": null,\r\n        \"column_money_thousand_separator\": null,\r\n        \"column_money_decimal_separator\": null,\r\n        \"column_option_value\": null,\r\n        \"column_option_display\": null,\r\n        \"column_option_sql_condition\": null,\r\n        \"column_options\": [],\r\n        \"column_sql_query\": null,\r\n        \"column_help\": null,\r\n        \"column_mandatory\": \"on\",\r\n        \"column_browse\": \"on\",\r\n        \"column_detail\": \"on\",\r\n        \"column_edit\": \"on\",\r\n        \"column_add\": \"on\",\r\n        \"column_filterable\": null,\r\n        \"column_foreign\": null,\r\n        \"listTableColumns\": []\r\n    },\r\n    {\r\n        \"column_label\": \"Type\",\r\n        \"column_field\": \"type\",\r\n        \"column_type\": \"select_option\",\r\n        \"column_file_encrypt\": \"on\",\r\n        \"column_image_width\": null,\r\n        \"column_image_height\": null,\r\n        \"column_option_table\": null,\r\n        \"column_date_format\": null,\r\n        \"column_text_display_limit\": 150,\r\n        \"column_text_max\": 255,\r\n        \"column_text_min\": 0,\r\n        \"column_money_prefix\": null,\r\n        \"column_money_precision\": null,\r\n        \"column_money_thousand_separator\": null,\r\n        \"column_money_decimal_separator\": null,\r\n        \"column_option_value\": null,\r\n        \"column_option_display\": null,\r\n        \"column_option_sql_condition\": null,\r\n        \"column_options\": [\r\n            {\r\n                \"key\": \"1\",\r\n                \"label\": \"\\u0e04\\u0e23\\u0e2d\\u0e1a\\u0e04\\u0e25\\u0e38\\u0e21\\u0e17\\u0e31\\u0e49\\u0e07\\u0e2b\\u0e21\\u0e14\"\r\n            },\r\n            {\r\n                \"key\": \"2\",\r\n                \"label\": \"\\u0e04\\u0e23\\u0e2d\\u0e1a\\u0e04\\u0e25\\u0e38\\u0e21\\u0e1a\\u0e32\\u0e07\\u0e23\\u0e32\\u0e22\\u0e01\\u0e32\\u0e23\"\r\n            },\r\n            {\r\n                \"key\": \"3\",\r\n                \"label\": \"\\u0e2d\\u0e37\\u0e48\\u0e19\\u0e46\"\r\n            }\r\n        ],\r\n        \"column_sql_query\": null,\r\n        \"column_help\": null,\r\n        \"column_mandatory\": \"on\",\r\n        \"column_browse\": \"on\",\r\n        \"column_detail\": \"on\",\r\n        \"column_edit\": \"on\",\r\n        \"column_add\": \"on\",\r\n        \"column_filterable\": null,\r\n        \"column_foreign\": null,\r\n        \"listTableColumns\": []\r\n    },\r\n    {\r\n        \"column_label\": \"Coordinate\",\r\n        \"column_field\": \"coordinates\",\r\n        \"column_type\": \"text\",\r\n        \"column_file_encrypt\": \"on\",\r\n        \"column_image_width\": null,\r\n        \"column_image_height\": null,\r\n        \"column_option_table\": null,\r\n        \"column_date_format\": null,\r\n        \"column_text_display_limit\": 150,\r\n        \"column_text_max\": 255,\r\n        \"column_text_min\": 0,\r\n        \"column_money_prefix\": null,\r\n        \"column_money_precision\": null,\r\n        \"column_money_thousand_separator\": null,\r\n        \"column_money_decimal_separator\": null,\r\n        \"column_option_value\": null,\r\n        \"column_option_display\": null,\r\n        \"column_option_sql_condition\": null,\r\n        \"column_options\": [],\r\n        \"column_sql_query\": null,\r\n        \"column_help\": null,\r\n        \"column_mandatory\": \"on\",\r\n        \"column_browse\": \"on\",\r\n        \"column_detail\": \"on\",\r\n        \"column_edit\": \"on\",\r\n        \"column_add\": \"on\",\r\n        \"column_filterable\": null,\r\n        \"column_foreign\": null,\r\n        \"listTableColumns\": []\r\n    },\r\n    {\r\n        \"column_label\": \"Created At\",\r\n        \"column_field\": \"created_at\",\r\n        \"column_type\": \"datetime\",\r\n        \"column_file_encrypt\": \"on\",\r\n        \"column_image_width\": null,\r\n        \"column_image_height\": null,\r\n        \"column_option_table\": null,\r\n        \"column_date_format\": null,\r\n        \"column_text_display_limit\": 150,\r\n        \"column_text_max\": 255,\r\n        \"column_text_min\": 0,\r\n        \"column_money_prefix\": null,\r\n        \"column_money_precision\": null,\r\n        \"column_money_thousand_separator\": null,\r\n        \"column_money_decimal_separator\": null,\r\n        \"column_option_value\": null,\r\n        \"column_option_display\": null,\r\n        \"column_option_sql_condition\": null,\r\n        \"column_options\": [],\r\n        \"column_sql_query\": null,\r\n        \"column_help\": null,\r\n        \"column_mandatory\": null,\r\n        \"column_browse\": \"on\",\r\n        \"column_detail\": \"on\",\r\n        \"column_edit\": null,\r\n        \"column_add\": null,\r\n        \"column_filterable\": null,\r\n        \"column_foreign\": null,\r\n        \"listTableColumns\": []\r\n    },\r\n    {\r\n        \"column_label\": \"Updated At\",\r\n        \"column_field\": \"updated_at\",\r\n        \"column_type\": \"datetime\",\r\n        \"column_file_encrypt\": \"on\",\r\n        \"column_image_width\": null,\r\n        \"column_image_height\": null,\r\n        \"column_option_table\": null,\r\n        \"column_date_format\": null,\r\n        \"column_text_display_limit\": 150,\r\n        \"column_text_max\": 255,\r\n        \"column_text_min\": 0,\r\n        \"column_money_prefix\": null,\r\n        \"column_money_precision\": null,\r\n        \"column_money_thousand_separator\": null,\r\n        \"column_money_decimal_separator\": null,\r\n        \"column_option_value\": null,\r\n        \"column_option_display\": null,\r\n        \"column_option_sql_condition\": null,\r\n        \"column_options\": [],\r\n        \"column_sql_query\": null,\r\n        \"column_help\": null,\r\n        \"column_mandatory\": null,\r\n        \"column_browse\": \"on\",\r\n        \"column_detail\": \"on\",\r\n        \"column_edit\": null,\r\n        \"column_add\": null,\r\n        \"column_filterable\": null,\r\n        \"column_foreign\": null,\r\n        \"listTableColumns\": []\r\n    }\r\n]');
INSERT INTO `cb_modules` VALUES (4, 'Promotions', 'fa fa-gift', 'tpa_promotions', 'AdminPromotionsController', '[{\"column_label\":\"Name Th\",\"column_field\":\"name_th\",\"column_type\":\"text\",\"column_file_encrypt\":\"on\",\"column_image_width\":null,\"column_image_height\":null,\"column_option_table\":null,\"column_date_format\":null,\"column_text_display_limit\":150,\"column_text_max\":255,\"column_text_min\":0,\"column_money_prefix\":null,\"column_money_precision\":null,\"column_money_thousand_separator\":null,\"column_money_decimal_separator\":null,\"column_option_value\":null,\"column_option_display\":null,\"column_option_sql_condition\":null,\"column_options\":[],\"column_sql_query\":null,\"column_help\":null,\"column_mandatory\":\"on\",\"column_browse\":\"on\",\"column_detail\":\"on\",\"column_edit\":\"on\",\"column_add\":\"on\",\"column_filterable\":null,\"column_foreign\":null,\"listTableColumns\":[]},{\"column_label\":\"Detail Th\",\"column_field\":\"detail_th\",\"column_type\":\"wysiwyg\",\"column_file_encrypt\":\"on\",\"column_image_width\":null,\"column_image_height\":null,\"column_option_table\":null,\"column_date_format\":null,\"column_text_display_limit\":150,\"column_text_max\":255,\"column_text_min\":0,\"column_money_prefix\":null,\"column_money_precision\":null,\"column_money_thousand_separator\":null,\"column_money_decimal_separator\":null,\"column_option_value\":null,\"column_option_display\":null,\"column_option_sql_condition\":null,\"column_options\":[],\"column_sql_query\":null,\"column_help\":null,\"column_mandatory\":\"on\",\"column_browse\":\"on\",\"column_detail\":\"on\",\"column_edit\":\"on\",\"column_add\":\"on\",\"column_filterable\":null,\"column_foreign\":null,\"listTableColumns\":[]},{\"column_label\":\"Name En\",\"column_field\":\"name_en\",\"column_type\":\"text\",\"column_file_encrypt\":\"on\",\"column_image_width\":null,\"column_image_height\":null,\"column_option_table\":null,\"column_date_format\":null,\"column_text_display_limit\":150,\"column_text_max\":255,\"column_text_min\":0,\"column_money_prefix\":null,\"column_money_precision\":null,\"column_money_thousand_separator\":null,\"column_money_decimal_separator\":null,\"column_option_value\":null,\"column_option_display\":null,\"column_option_sql_condition\":null,\"column_options\":[],\"column_sql_query\":null,\"column_help\":null,\"column_mandatory\":\"on\",\"column_browse\":\"on\",\"column_detail\":\"on\",\"column_edit\":\"on\",\"column_add\":\"on\",\"column_filterable\":null,\"column_foreign\":null,\"listTableColumns\":[]},{\"column_label\":\"Detail En\",\"column_field\":\"detail_en\",\"column_type\":\"wysiwyg\",\"column_file_encrypt\":\"on\",\"column_image_width\":null,\"column_image_height\":null,\"column_option_table\":null,\"column_date_format\":null,\"column_text_display_limit\":150,\"column_text_max\":255,\"column_text_min\":0,\"column_money_prefix\":null,\"column_money_precision\":null,\"column_money_thousand_separator\":null,\"column_money_decimal_separator\":null,\"column_option_value\":null,\"column_option_display\":null,\"column_option_sql_condition\":null,\"column_options\":[],\"column_sql_query\":null,\"column_help\":null,\"column_mandatory\":\"on\",\"column_browse\":\"on\",\"column_detail\":\"on\",\"column_edit\":\"on\",\"column_add\":\"on\",\"column_filterable\":null,\"column_foreign\":null,\"listTableColumns\":[]},{\"column_label\":\"Start Date\",\"column_field\":\"start_date\",\"column_type\":\"date\",\"column_file_encrypt\":\"on\",\"column_image_width\":null,\"column_image_height\":null,\"column_option_table\":null,\"column_date_format\":null,\"column_text_display_limit\":150,\"column_text_max\":255,\"column_text_min\":0,\"column_money_prefix\":null,\"column_money_precision\":null,\"column_money_thousand_separator\":null,\"column_money_decimal_separator\":null,\"column_option_value\":null,\"column_option_display\":null,\"column_option_sql_condition\":null,\"column_options\":[],\"column_sql_query\":null,\"column_help\":null,\"column_mandatory\":\"on\",\"column_browse\":\"on\",\"column_detail\":\"on\",\"column_edit\":\"on\",\"column_add\":\"on\",\"column_filterable\":null,\"column_foreign\":null,\"listTableColumns\":[]},{\"column_label\":\"End Date\",\"column_field\":\"end_date\",\"column_type\":\"date\",\"column_file_encrypt\":\"on\",\"column_image_width\":null,\"column_image_height\":null,\"column_option_table\":null,\"column_date_format\":null,\"column_text_display_limit\":150,\"column_text_max\":255,\"column_text_min\":0,\"column_money_prefix\":null,\"column_money_precision\":null,\"column_money_thousand_separator\":null,\"column_money_decimal_separator\":null,\"column_option_value\":null,\"column_option_display\":null,\"column_option_sql_condition\":null,\"column_options\":[],\"column_sql_query\":null,\"column_help\":null,\"column_mandatory\":\"on\",\"column_browse\":\"on\",\"column_detail\":\"on\",\"column_edit\":\"on\",\"column_add\":\"on\",\"column_filterable\":null,\"column_foreign\":null,\"listTableColumns\":[]},{\"column_label\":\"Hospital\",\"column_field\":\"hospital_id\",\"column_type\":\"select_table\",\"column_file_encrypt\":\"on\",\"column_image_width\":null,\"column_image_height\":null,\"column_option_table\":\"tpa_hospital\",\"column_date_format\":null,\"column_text_display_limit\":150,\"column_text_max\":255,\"column_text_min\":0,\"column_money_prefix\":null,\"column_money_precision\":null,\"column_money_thousand_separator\":null,\"column_money_decimal_separator\":null,\"column_option_value\":\"id\",\"column_option_display\":\"name\",\"column_option_sql_condition\":null,\"column_options\":[],\"column_sql_query\":null,\"column_help\":null,\"column_mandatory\":\"on\",\"column_browse\":\"on\",\"column_detail\":\"on\",\"column_edit\":\"on\",\"column_add\":\"on\",\"column_filterable\":null,\"column_foreign\":null,\"listTableColumns\":[{\"column\":\"id\",\"primary_key\":true,\"display\":false},{\"column\":\"name\",\"primary_key\":false,\"display\":true},{\"column\":\"telephone\",\"primary_key\":false,\"display\":false},{\"column\":\"url\",\"primary_key\":false,\"display\":false},{\"column\":\"address\",\"primary_key\":false,\"display\":false},{\"column\":\"type\",\"primary_key\":false,\"display\":false},{\"column\":\"coordinates\",\"primary_key\":false,\"display\":false},{\"column\":\"created_at\",\"primary_key\":false,\"display\":false},{\"column\":\"updated_at\",\"primary_key\":false,\"display\":false},{\"column\":\"deleted_at\",\"primary_key\":false,\"display\":false}]},{\"column_label\":\"Status\",\"column_field\":\"status\",\"column_type\":\"text\",\"column_file_encrypt\":\"on\",\"column_image_width\":null,\"column_image_height\":null,\"column_option_table\":null,\"column_date_format\":null,\"column_text_display_limit\":150,\"column_text_max\":255,\"column_text_min\":0,\"column_money_prefix\":null,\"column_money_precision\":null,\"column_money_thousand_separator\":null,\"column_money_decimal_separator\":null,\"column_option_value\":null,\"column_option_display\":null,\"column_option_sql_condition\":null,\"column_options\":[],\"column_sql_query\":null,\"column_help\":null,\"column_mandatory\":\"on\",\"column_browse\":\"on\",\"column_detail\":\"on\",\"column_edit\":\"on\",\"column_add\":\"on\",\"column_filterable\":null,\"column_foreign\":null,\"listTableColumns\":[]},{\"column_label\":\"Created At\",\"column_field\":\"created_at\",\"column_type\":\"datetime\",\"column_file_encrypt\":\"on\",\"column_image_width\":null,\"column_image_height\":null,\"column_option_table\":null,\"column_date_format\":null,\"column_text_display_limit\":150,\"column_text_max\":255,\"column_text_min\":0,\"column_money_prefix\":null,\"column_money_precision\":null,\"column_money_thousand_separator\":null,\"column_money_decimal_separator\":null,\"column_option_value\":null,\"column_option_display\":null,\"column_option_sql_condition\":null,\"column_options\":[],\"column_sql_query\":null,\"column_help\":null,\"column_mandatory\":null,\"column_browse\":false,\"column_detail\":\"on\",\"column_edit\":null,\"column_add\":null,\"column_filterable\":null,\"column_foreign\":null,\"listTableColumns\":[]},{\"column_label\":\"Updated At\",\"column_field\":\"updated_at\",\"column_type\":\"datetime\",\"column_file_encrypt\":\"on\",\"column_image_width\":null,\"column_image_height\":null,\"column_option_table\":null,\"column_date_format\":null,\"column_text_display_limit\":150,\"column_text_max\":255,\"column_text_min\":0,\"column_money_prefix\":null,\"column_money_precision\":null,\"column_money_thousand_separator\":null,\"column_money_decimal_separator\":null,\"column_option_value\":null,\"column_option_display\":null,\"column_option_sql_condition\":null,\"column_options\":[],\"column_sql_query\":null,\"column_help\":null,\"column_mandatory\":null,\"column_browse\":false,\"column_detail\":\"on\",\"column_edit\":null,\"column_add\":null,\"column_filterable\":null,\"column_foreign\":null,\"listTableColumns\":[]}]');
INSERT INTO `cb_modules` VALUES (5, 'Article', 'fa fa-edit', 'tpa_article', 'AdminArticleController', '[{\"column_label\":\"Title Th\",\"column_field\":\"title_th\",\"column_type\":\"text\",\"column_file_encrypt\":\"on\",\"column_image_width\":null,\"column_image_height\":null,\"column_option_table\":null,\"column_date_format\":null,\"column_text_display_limit\":150,\"column_text_max\":255,\"column_text_min\":0,\"column_money_prefix\":null,\"column_money_precision\":null,\"column_money_thousand_separator\":null,\"column_money_decimal_separator\":null,\"column_option_value\":null,\"column_option_display\":null,\"column_option_sql_condition\":null,\"column_options\":[],\"column_sql_query\":null,\"column_help\":null,\"column_mandatory\":\"on\",\"column_browse\":\"on\",\"column_detail\":\"on\",\"column_edit\":\"on\",\"column_add\":\"on\",\"column_filterable\":null,\"column_foreign\":null,\"listTableColumns\":[]},{\"column_label\":\"Detail Th\",\"column_field\":\"detail_th\",\"column_type\":\"wysiwyg\",\"column_file_encrypt\":\"on\",\"column_image_width\":null,\"column_image_height\":null,\"column_option_table\":null,\"column_date_format\":null,\"column_text_display_limit\":150,\"column_text_max\":255,\"column_text_min\":0,\"column_money_prefix\":null,\"column_money_precision\":null,\"column_money_thousand_separator\":null,\"column_money_decimal_separator\":null,\"column_option_value\":null,\"column_option_display\":null,\"column_option_sql_condition\":null,\"column_options\":[],\"column_sql_query\":null,\"column_help\":null,\"column_mandatory\":\"on\",\"column_browse\":\"on\",\"column_detail\":\"on\",\"column_edit\":\"on\",\"column_add\":\"on\",\"column_filterable\":null,\"column_foreign\":null,\"listTableColumns\":[]},{\"column_label\":\"Title En\",\"column_field\":\"title_en\",\"column_type\":\"text\",\"column_file_encrypt\":\"on\",\"column_image_width\":null,\"column_image_height\":null,\"column_option_table\":null,\"column_date_format\":null,\"column_text_display_limit\":150,\"column_text_max\":255,\"column_text_min\":0,\"column_money_prefix\":null,\"column_money_precision\":null,\"column_money_thousand_separator\":null,\"column_money_decimal_separator\":null,\"column_option_value\":null,\"column_option_display\":null,\"column_option_sql_condition\":null,\"column_options\":[],\"column_sql_query\":null,\"column_help\":null,\"column_mandatory\":\"on\",\"column_browse\":\"on\",\"column_detail\":\"on\",\"column_edit\":\"on\",\"column_add\":\"on\",\"column_filterable\":null,\"column_foreign\":null,\"listTableColumns\":[]},{\"column_label\":\"Detail En\",\"column_field\":\"detail_en\",\"column_type\":\"wysiwyg\",\"column_file_encrypt\":\"on\",\"column_image_width\":null,\"column_image_height\":null,\"column_option_table\":null,\"column_date_format\":null,\"column_text_display_limit\":150,\"column_text_max\":255,\"column_text_min\":0,\"column_money_prefix\":null,\"column_money_precision\":null,\"column_money_thousand_separator\":null,\"column_money_decimal_separator\":null,\"column_option_value\":null,\"column_option_display\":null,\"column_option_sql_condition\":null,\"column_options\":[],\"column_sql_query\":null,\"column_help\":null,\"column_mandatory\":\"on\",\"column_browse\":\"on\",\"column_detail\":\"on\",\"column_edit\":\"on\",\"column_add\":\"on\",\"column_filterable\":null,\"column_foreign\":null,\"listTableColumns\":[]},{\"column_label\":\"Status\",\"column_field\":\"status\",\"column_type\":\"select_option\",\"column_file_encrypt\":\"on\",\"column_image_width\":null,\"column_image_height\":null,\"column_option_table\":null,\"column_date_format\":null,\"column_text_display_limit\":150,\"column_text_max\":255,\"column_text_min\":0,\"column_money_prefix\":null,\"column_money_precision\":null,\"column_money_thousand_separator\":null,\"column_money_decimal_separator\":null,\"column_option_value\":null,\"column_option_display\":null,\"column_option_sql_condition\":null,\"column_options\":[{\"key\":\"1\",\"label\":\"Active\"},{\"key\":\"0\",\"label\":\"In Active\"}],\"column_sql_query\":null,\"column_help\":null,\"column_mandatory\":\"on\",\"column_browse\":\"on\",\"column_detail\":\"on\",\"column_edit\":\"on\",\"column_add\":\"on\",\"column_filterable\":null,\"column_foreign\":null,\"listTableColumns\":[]},{\"column_label\":\"Created At\",\"column_field\":\"created_at\",\"column_type\":\"datetime\",\"column_file_encrypt\":\"on\",\"column_image_width\":null,\"column_image_height\":null,\"column_option_table\":null,\"column_date_format\":null,\"column_text_display_limit\":150,\"column_text_max\":255,\"column_text_min\":0,\"column_money_prefix\":null,\"column_money_precision\":null,\"column_money_thousand_separator\":null,\"column_money_decimal_separator\":null,\"column_option_value\":null,\"column_option_display\":null,\"column_option_sql_condition\":null,\"column_options\":[],\"column_sql_query\":null,\"column_help\":null,\"column_mandatory\":null,\"column_browse\":\"on\",\"column_detail\":\"on\",\"column_edit\":null,\"column_add\":null,\"column_filterable\":null,\"column_foreign\":null,\"listTableColumns\":[]},{\"column_label\":\"Updated At\",\"column_field\":\"updated_at\",\"column_type\":\"datetime\",\"column_file_encrypt\":\"on\",\"column_image_width\":null,\"column_image_height\":null,\"column_option_table\":null,\"column_date_format\":null,\"column_text_display_limit\":150,\"column_text_max\":255,\"column_text_min\":0,\"column_money_prefix\":null,\"column_money_precision\":null,\"column_money_thousand_separator\":null,\"column_money_decimal_separator\":null,\"column_option_value\":null,\"column_option_display\":null,\"column_option_sql_condition\":null,\"column_options\":[],\"column_sql_query\":null,\"column_help\":null,\"column_mandatory\":null,\"column_browse\":\"on\",\"column_detail\":\"on\",\"column_edit\":null,\"column_add\":null,\"column_filterable\":null,\"column_foreign\":null,\"listTableColumns\":[]}]');

-- ----------------------------
-- Table structure for cb_role_privileges
-- ----------------------------
DROP TABLE IF EXISTS `cb_role_privileges`;
CREATE TABLE `cb_role_privileges`  (
  `id` int(10) UNSIGNED NOT NULL AUTO_INCREMENT,
  `cb_roles_id` int(11) NOT NULL,
  `cb_menus_id` int(11) NOT NULL,
  `can_browse` tinyint(4) NOT NULL DEFAULT 1,
  `can_create` tinyint(4) NOT NULL DEFAULT 1,
  `can_read` tinyint(4) NOT NULL DEFAULT 1,
  `can_update` tinyint(4) NOT NULL DEFAULT 1,
  `can_delete` tinyint(4) NOT NULL DEFAULT 1,
  PRIMARY KEY (`id`) USING BTREE
) ENGINE = InnoDB AUTO_INCREMENT = 17 CHARACTER SET = utf8 COLLATE = utf8_general_ci ROW_FORMAT = Compact;

-- ----------------------------
-- Records of cb_role_privileges
-- ----------------------------
INSERT INTO `cb_role_privileges` VALUES (2, 1, 2, 1, 1, 1, 1, 1);
INSERT INTO `cb_role_privileges` VALUES (3, 1, 3, 1, 1, 1, 1, 1);
INSERT INTO `cb_role_privileges` VALUES (4, 1, 4, 1, 1, 1, 1, 1);
INSERT INTO `cb_role_privileges` VALUES (5, 1, 5, 1, 1, 1, 1, 1);
INSERT INTO `cb_role_privileges` VALUES (6, 1, 6, 1, 1, 1, 1, 1);
INSERT INTO `cb_role_privileges` VALUES (7, 2, 5, 0, 0, 0, 0, 0);
INSERT INTO `cb_role_privileges` VALUES (8, 2, 3, 0, 0, 0, 0, 0);
INSERT INTO `cb_role_privileges` VALUES (10, 2, 4, 0, 0, 0, 0, 0);
INSERT INTO `cb_role_privileges` VALUES (11, 2, 6, 0, 0, 0, 0, 0);
INSERT INTO `cb_role_privileges` VALUES (12, 3, 5, 0, 0, 0, 0, 0);
INSERT INTO `cb_role_privileges` VALUES (13, 3, 3, 0, 0, 0, 0, 0);
INSERT INTO `cb_role_privileges` VALUES (15, 3, 4, 0, 0, 0, 0, 0);
INSERT INTO `cb_role_privileges` VALUES (16, 3, 6, 0, 0, 0, 0, 0);

-- ----------------------------
-- Table structure for cb_roles
-- ----------------------------
DROP TABLE IF EXISTS `cb_roles`;
CREATE TABLE `cb_roles`  (
  `id` int(10) UNSIGNED NOT NULL AUTO_INCREMENT,
  `name` varchar(255) CHARACTER SET utf8 COLLATE utf8_general_ci NOT NULL,
  PRIMARY KEY (`id`) USING BTREE
) ENGINE = InnoDB AUTO_INCREMENT = 4 CHARACTER SET = utf8 COLLATE = utf8_general_ci ROW_FORMAT = Compact;

-- ----------------------------
-- Records of cb_roles
-- ----------------------------
INSERT INTO `cb_roles` VALUES (1, 'Super Admin');
INSERT INTO `cb_roles` VALUES (2, 'Admin Claim');
INSERT INTO `cb_roles` VALUES (3, 'Admin ThaiRe');

-- ----------------------------
-- Table structure for log_request_response
-- ----------------------------
DROP TABLE IF EXISTS `log_request_response`;
CREATE TABLE `log_request_response`  (
  `id` int(10) UNSIGNED NOT NULL AUTO_INCREMENT,
  `header` text CHARACTER SET utf8 COLLATE utf8_general_ci NOT NULL,
  `request` text CHARACTER SET utf8 COLLATE utf8_general_ci NOT NULL,
  `response` text CHARACTER SET utf8 COLLATE utf8_general_ci NOT NULL,
  `path` varchar(1024) CHARACTER SET utf8 COLLATE utf8_general_ci NOT NULL,
  `ip` varchar(16) CHARACTER SET utf8 COLLATE utf8_general_ci NOT NULL,
  `created_at` timestamp(0) NULL DEFAULT NULL,
  `updated_at` timestamp(0) NULL DEFAULT NULL,
  PRIMARY KEY (`id`) USING BTREE
) ENGINE = InnoDB AUTO_INCREMENT = 94 CHARACTER SET = utf8 COLLATE = utf8_general_ci ROW_FORMAT = Compact;

-- ----------------------------
-- Records of log_request_response
-- ----------------------------
INSERT INTO `log_request_response` VALUES (1, '{\"user-agent\":[\"PostmanRuntime\\/7.24.1\"],\"accept\":[\"*\\/*\"],\"postman-token\":[\"fdbba381-d878-4df2-a516-9b4f1b5052a9\"],\"host\":[\"www.tpacare.local\"],\"accept-encoding\":[\"gzip, deflate, br\"],\"connection\":[\"keep-alive\"],\"content-type\":[\"multipart\\/form-data; boundary=--------------------------405960527839890811186580\"],\"content-length\":[\"281\"]}', '{\"username\":\"ddddd\",\"password\":\"123456\"}', 'HTTP/1.1 500 Internal Server Error\r\nCache-Control:         no-cache, private\r\nContent-Type:          application/json\r\nDate:                  Wed, 29 Apr 2020 21:15:59 GMT\r\nX-Ratelimit-Limit:     60\r\nX-Ratelimit-Remaining: 59\r\n\r\n{\"status\":\"error\",\"message\":\"Your password and or username is wrong!\",\"otp\":\"562325\"}', 'api/v1/signin', '127.0.0.1', '2020-04-30 04:15:59', '2020-04-30 04:15:59');
INSERT INTO `log_request_response` VALUES (2, '{\"user-agent\":[\"PostmanRuntime\\/7.24.1\"],\"accept\":[\"*\\/*\"],\"postman-token\":[\"af0839f8-40a9-4d0d-8e5a-a4e62f1ef861\"],\"host\":[\"www.tpacare.local\"],\"accept-encoding\":[\"gzip, deflate, br\"],\"connection\":[\"keep-alive\"],\"content-type\":[\"multipart\\/form-data; boundary=--------------------------606043792994000150048825\"],\"content-length\":[\"281\"]}', '{\"username\":\"ddddd\",\"password\":\"123456\"}', 'HTTP/1.1 500 Internal Server Error\r\nCache-Control:         no-cache, private\r\nContent-Type:          application/json\r\nDate:                  Wed, 29 Apr 2020 21:18:14 GMT\r\nX-Ratelimit-Limit:     60\r\nX-Ratelimit-Remaining: 59\r\n\r\n{\"status\":\"error\",\"message\":\"Your password and or username is wrong!\",\"otp\":\"075595\"}', 'api/v1/signin', '127.0.0.1', '2020-04-30 04:18:14', '2020-04-30 04:18:14');
INSERT INTO `log_request_response` VALUES (3, '{\"user-agent\":[\"PostmanRuntime\\/7.24.1\"],\"accept\":[\"*\\/*\"],\"postman-token\":[\"38c88772-b1ce-4e23-a4b6-4846939d75a1\"],\"host\":[\"www.tpacare.local\"],\"accept-encoding\":[\"gzip, deflate, br\"],\"connection\":[\"keep-alive\"],\"content-type\":[\"multipart\\/form-data; boundary=--------------------------655901648097939273694888\"],\"content-length\":[\"281\"]}', '{\"username\":\"ddddd\",\"password\":\"123456\"}', 'HTTP/1.1 500 Internal Server Error\r\nCache-Control:         no-cache, private\r\nContent-Type:          application/json\r\nDate:                  Wed, 29 Apr 2020 21:21:35 GMT\r\nX-Ratelimit-Limit:     60\r\nX-Ratelimit-Remaining: 58\r\n\r\n{\"status\":\"error\",\"message\":\"Your password and or username is wrong!\",\"otp\":\"677073\"}', 'api/v1/signin', '127.0.0.1', '2020-04-30 04:21:35', '2020-04-30 04:21:35');
INSERT INTO `log_request_response` VALUES (4, '{\"x-api-key\":[\"ykRNP0wziQLCoC64NLpl\"],\"register-token\":[\"\"],\"user-agent\":[\"PostmanRuntime\\/7.24.1\"],\"accept\":[\"*\\/*\"],\"postman-token\":[\"016fc67b-34f4-4cf5-8735-f96b26cbc526\"],\"host\":[\"www.tpacare.local\"],\"accept-encoding\":[\"gzip, deflate, br\"],\"connection\":[\"keep-alive\"],\"content-type\":[\"multipart\\/form-data; boundary=--------------------------915029346918439575742785\"],\"content-length\":[\"962\"]}', '{\"username\":\"ddddd\",\"password\":\"123456\",\"passconf\":\"123456\",\"name\":\"Sakda\",\"surname\":\"Srijumpa\",\"mobile\":\"0890535589\",\"device_token\":\"sssssss\",\"device_type\":\"ios\"}', 'HTTP/1.1 500 Internal Server Error\r\nCache-Control:         no-cache, private\r\nContent-Type:          application/json\r\nDate:                  Wed, 29 Apr 2020 21:32:40 GMT\r\nX-Ratelimit-Limit:     60\r\nX-Ratelimit-Remaining: 59\r\n\r\n{\"status\":\"error\",\"message\":\"SQLSTATE[42S22]: Column not found: 1054 Unknown column \'surname\' in \'field list\' (SQL: insert into `users` (`username`, `password`, `name`, `surname`, `mobile`, `ip_address`, `user_agent`, `channel`, `status`, `created_at`) values (ddddd, $2y$10$dPdaRKifwsvBlzuFWgUMTeg9Bj3vzJjEtsYXofLP0GrZaQWWBWUJa, Sakda, Srijumpa, 0890535589, 127.0.0.1, PostmanRuntime\\/7.24.1, 2, 0, 2020-04-30 04:32:40))\"}', 'api/v1/register', '127.0.0.1', '2020-04-30 04:32:40', '2020-04-30 04:32:40');
INSERT INTO `log_request_response` VALUES (5, '{\"x-api-key\":[\"ykRNP0wziQLCoC64NLpl\"],\"register-token\":[\"\"],\"user-agent\":[\"PostmanRuntime\\/7.24.1\"],\"accept\":[\"*\\/*\"],\"postman-token\":[\"b54e7ce8-300a-4779-aa6f-9fe7df10c3e4\"],\"host\":[\"www.tpacare.local\"],\"accept-encoding\":[\"gzip, deflate, br\"],\"connection\":[\"keep-alive\"],\"content-type\":[\"multipart\\/form-data; boundary=--------------------------502670026120252623981019\"],\"content-length\":[\"962\"]}', '{\"username\":\"ddddd\",\"password\":\"123456\",\"passconf\":\"123456\",\"name\":\"Sakda\",\"surname\":\"Srijumpa\",\"mobile\":\"0890535589\",\"device_token\":\"sssssss\",\"device_type\":\"ios\"}', 'HTTP/1.1 500 Internal Server Error\r\nCache-Control:         no-cache, private\r\nContent-Type:          application/json\r\nDate:                  Wed, 29 Apr 2020 21:33:26 GMT\r\nX-Ratelimit-Limit:     60\r\nX-Ratelimit-Remaining: 58\r\n\r\n{\"status\":\"error\",\"message\":\"SQLSTATE[42S22]: Column not found: 1054 Unknown column \'mobile\' in \'field list\' (SQL: insert into `users` (`username`, `password`, `name`, `surname`, `mobile`, `ip_address`, `user_agent`, `channel`, `status`, `created_at`) values (ddddd, $2y$10$Twu1hN29tOtQesMF2q.UK.RmHTpaI7fGVddIiXshPTpWbOTH6aa0G, Sakda, Srijumpa, 0890535589, 127.0.0.1, PostmanRuntime\\/7.24.1, 2, 0, 2020-04-30 04:33:26))\"}', 'api/v1/register', '127.0.0.1', '2020-04-30 04:33:26', '2020-04-30 04:33:26');
INSERT INTO `log_request_response` VALUES (6, '{\"x-api-key\":[\"ykRNP0wziQLCoC64NLpl\"],\"register-token\":[\"\"],\"user-agent\":[\"PostmanRuntime\\/7.24.1\"],\"accept\":[\"*\\/*\"],\"postman-token\":[\"36b373db-0fbd-4b28-a638-447a14d915a9\"],\"host\":[\"www.tpacare.local\"],\"accept-encoding\":[\"gzip, deflate, br\"],\"connection\":[\"keep-alive\"],\"content-type\":[\"multipart\\/form-data; boundary=--------------------------738738860749711839487089\"],\"content-length\":[\"962\"]}', '{\"username\":\"ddddd\",\"password\":\"123456\",\"passconf\":\"123456\",\"name\":\"Sakda\",\"surname\":\"Srijumpa\",\"mobile\":\"0890535589\",\"device_token\":\"sssssss\",\"device_type\":\"ios\"}', 'HTTP/1.1 500 Internal Server Error\r\nCache-Control:         no-cache, private\r\nContent-Type:          application/json\r\nDate:                  Wed, 29 Apr 2020 21:33:57 GMT\r\nX-Ratelimit-Limit:     60\r\nX-Ratelimit-Remaining: 59\r\n\r\n{\"status\":\"error\",\"message\":\"SQLSTATE[HY000]: General error: 1364 Field \'email\' doesn\'t have a default value (SQL: insert into `users` (`username`, `password`, `name`, `surname`, `mobile`, `ip_address`, `user_agent`, `channel`, `status`, `created_at`) values (ddddd, $2y$10$JAA.Y42FLLMazq74nfXzA.iiGZGw68ybITukgUipN5Rtl2wrEaxRe, Sakda, Srijumpa, 0890535589, 127.0.0.1, PostmanRuntime\\/7.24.1, 2, 0, 2020-04-30 04:33:57))\"}', 'api/v1/register', '127.0.0.1', '2020-04-30 04:33:57', '2020-04-30 04:33:57');
INSERT INTO `log_request_response` VALUES (7, '{\"x-api-key\":[\"ykRNP0wziQLCoC64NLpl\"],\"register-token\":[\"\"],\"user-agent\":[\"PostmanRuntime\\/7.24.1\"],\"accept\":[\"*\\/*\"],\"postman-token\":[\"22295311-653a-45f1-b3ae-12e6eed89076\"],\"host\":[\"www.tpacare.local\"],\"accept-encoding\":[\"gzip, deflate, br\"],\"connection\":[\"keep-alive\"],\"content-type\":[\"multipart\\/form-data; boundary=--------------------------152751476011328590756697\"],\"content-length\":[\"962\"]}', '{\"username\":\"ddddd\",\"password\":\"123456\",\"passconf\":\"123456\",\"name\":\"Sakda\",\"surname\":\"Srijumpa\",\"mobile\":\"0890535589\",\"device_token\":\"sssssss\",\"device_type\":\"ios\"}', 'HTTP/1.1 500 Internal Server Error\r\nCache-Control:         no-cache, private\r\nContent-Type:          application/json\r\nDate:                  Wed, 29 Apr 2020 21:37:30 GMT\r\nX-Ratelimit-Limit:     60\r\nX-Ratelimit-Remaining: 59\r\n\r\n{\"status\":\"error\",\"message\":\"SQLSTATE[HY000]: General error: 1364 Field \'access_token\' doesn\'t have a default value (SQL: insert into `users` (`username`, `password`, `name`, `surname`, `mobile`, `ip_address`, `user_agent`, `channel`, `status`, `created_at`) values (ddddd, $2y$10$85DkP5s8uMHXP5Yw2MvI2.bmyiRSNHKn5rinKO0vioiTErNCiUVOu, Sakda, Srijumpa, 0890535589, 127.0.0.1, PostmanRuntime\\/7.24.1, 2, 0, 2020-04-30 04:37:30))\"}', 'api/v1/register', '127.0.0.1', '2020-04-30 04:37:30', '2020-04-30 04:37:30');
INSERT INTO `log_request_response` VALUES (8, '{\"x-api-key\":[\"ykRNP0wziQLCoC64NLpl\"],\"register-token\":[\"\"],\"user-agent\":[\"PostmanRuntime\\/7.24.1\"],\"accept\":[\"*\\/*\"],\"postman-token\":[\"e0f2006f-e0cf-4c8f-960a-a1e3145b7106\"],\"host\":[\"www.tpacare.local\"],\"accept-encoding\":[\"gzip, deflate, br\"],\"connection\":[\"keep-alive\"],\"content-type\":[\"multipart\\/form-data; boundary=--------------------------481580411791351409486418\"],\"content-length\":[\"962\"]}', '{\"username\":\"ddddd\",\"password\":\"123456\",\"passconf\":\"123456\",\"name\":\"Sakda\",\"surname\":\"Srijumpa\",\"mobile\":\"0890535589\",\"device_token\":\"sssssss\",\"device_type\":\"ios\"}', 'HTTP/1.1 500 Internal Server Error\r\nCache-Control:         no-cache, private\r\nContent-Type:          application/json\r\nDate:                  Wed, 29 Apr 2020 21:38:19 GMT\r\nX-Ratelimit-Limit:     60\r\nX-Ratelimit-Remaining: 58\r\n\r\n{\"status\":\"error\",\"message\":\"SQLSTATE[HY000]: General error: 1364 Field \'cb_roles_id\' doesn\'t have a default value (SQL: insert into `users` (`username`, `password`, `name`, `surname`, `mobile`, `ip_address`, `user_agent`, `channel`, `status`, `created_at`) values (ddddd, $2y$10$4T.MEkGjCOaaKypYJBVqx.fnZCGtwByLFd.s5Kw5NVAPgGVEvjkE6, Sakda, Srijumpa, 0890535589, 127.0.0.1, PostmanRuntime\\/7.24.1, 2, 0, 2020-04-30 04:38:19))\"}', 'api/v1/register', '127.0.0.1', '2020-04-30 04:38:19', '2020-04-30 04:38:19');
INSERT INTO `log_request_response` VALUES (9, '{\"x-api-key\":[\"ykRNP0wziQLCoC64NLpl\"],\"register-token\":[\"\"],\"user-agent\":[\"PostmanRuntime\\/7.24.1\"],\"accept\":[\"*\\/*\"],\"postman-token\":[\"625cd533-456d-4150-8f05-336c61df0e95\"],\"host\":[\"www.tpacare.local\"],\"accept-encoding\":[\"gzip, deflate, br\"],\"connection\":[\"keep-alive\"],\"content-type\":[\"multipart\\/form-data; boundary=--------------------------813294315112182907527245\"],\"content-length\":[\"962\"]}', '{\"username\":\"ddddd\",\"password\":\"123456\",\"passconf\":\"123456\",\"name\":\"Sakda\",\"surname\":\"Srijumpa\",\"mobile\":\"0890535589\",\"device_token\":\"sssssss\",\"device_type\":\"ios\"}', 'HTTP/1.1 500 Internal Server Error\r\nCache-Control:         no-cache, private\r\nContent-Type:          application/json\r\nDate:                  Wed, 29 Apr 2020 21:48:32 GMT\r\nX-Ratelimit-Limit:     60\r\nX-Ratelimit-Remaining: 59\r\n\r\n{\"status\":\"error\",\"message\":\"SQLSTATE[HY000]: General error: 1364 Field \'verified\' doesn\'t have a default value (SQL: insert into `tpa_otp` (`uid`, `mobile`, `otp`, `created_at`, `expired_at`) values (2, 0890535589, 876275, 2020-04-30 04:48:32, 2020-04-30 04:53:32))\"}', 'api/v1/register', '127.0.0.1', '2020-04-30 04:48:32', '2020-04-30 04:48:32');
INSERT INTO `log_request_response` VALUES (10, '{\"x-api-key\":[\"ykRNP0wziQLCoC64NLpl\"],\"register-token\":[\"\"],\"user-agent\":[\"PostmanRuntime\\/7.24.1\"],\"accept\":[\"*\\/*\"],\"postman-token\":[\"53624177-290b-4c26-83cc-c5f441ca6600\"],\"host\":[\"www.tpacare.local\"],\"accept-encoding\":[\"gzip, deflate, br\"],\"connection\":[\"keep-alive\"],\"content-type\":[\"multipart\\/form-data; boundary=--------------------------953903963595633452403836\"],\"content-length\":[\"962\"]}', '{\"username\":\"ddddd\",\"password\":\"123456\",\"passconf\":\"123456\",\"name\":\"Sakda\",\"surname\":\"Srijumpa\",\"mobile\":\"0890535589\",\"device_token\":\"sssssss\",\"device_type\":\"ios\"}', 'HTTP/1.1 500 Internal Server Error\r\nCache-Control:         no-cache, private\r\nContent-Type:          application/json\r\nDate:                  Wed, 29 Apr 2020 21:49:35 GMT\r\nX-Ratelimit-Limit:     60\r\nX-Ratelimit-Remaining: 59\r\n\r\n{\"status\":\"error\",\"message\":\"SQLSTATE[22007]: Invalid datetime format: 1978 Incorrect default value \'0000-00-00 00:00:00\' for column \'verified_at\' (SQL: insert into `tpa_otp` (`uid`, `mobile`, `otp`, `created_at`, `expired_at`) values (2, 0890535589, 206397, 2020-04-30 04:49:35, 2020-04-30 04:54:35))\"}', 'api/v1/register', '127.0.0.1', '2020-04-30 04:49:35', '2020-04-30 04:49:35');
INSERT INTO `log_request_response` VALUES (11, '{\"x-api-key\":[\"ykRNP0wziQLCoC64NLpl\"],\"register-token\":[\"\"],\"user-agent\":[\"PostmanRuntime\\/7.24.1\"],\"accept\":[\"*\\/*\"],\"postman-token\":[\"9971d872-ef82-433f-b847-22653b247143\"],\"host\":[\"www.tpacare.local\"],\"accept-encoding\":[\"gzip, deflate, br\"],\"connection\":[\"keep-alive\"],\"content-type\":[\"multipart\\/form-data; boundary=--------------------------588835978167564766135179\"],\"content-length\":[\"962\"]}', '{\"username\":\"ddddd\",\"password\":\"123456\",\"passconf\":\"123456\",\"name\":\"Sakda\",\"surname\":\"Srijumpa\",\"mobile\":\"0890535589\",\"device_token\":\"sssssss\",\"device_type\":\"ios\"}', 'HTTP/1.1 500 Internal Server Error\r\nCache-Control:         no-cache, private\r\nContent-Type:          application/json\r\nDate:                  Wed, 29 Apr 2020 21:50:35 GMT\r\nX-Ratelimit-Limit:     60\r\nX-Ratelimit-Remaining: 59\r\n\r\n{\"status\":\"error\",\"message\":\"The username has already been taken.\",\"messages\":[\"The username has already been taken.\"]}', 'api/v1/register', '127.0.0.1', '2020-04-30 04:50:35', '2020-04-30 04:50:35');
INSERT INTO `log_request_response` VALUES (12, '{\"x-api-key\":[\"ykRNP0wziQLCoC64NLpl\"],\"register-token\":[\"\"],\"user-agent\":[\"PostmanRuntime\\/7.24.1\"],\"accept\":[\"*\\/*\"],\"postman-token\":[\"22e3818c-83e3-4d59-b6b2-a3eceb0b2fc9\"],\"host\":[\"www.tpacare.local\"],\"accept-encoding\":[\"gzip, deflate, br\"],\"connection\":[\"keep-alive\"],\"content-type\":[\"multipart\\/form-data; boundary=--------------------------154311822088463692548112\"],\"content-length\":[\"962\"]}', '{\"username\":\"ddddd\",\"password\":\"123456\",\"passconf\":\"123456\",\"name\":\"Sakda\",\"surname\":\"Srijumpa\",\"mobile\":\"0890535589\",\"device_token\":\"sssssss\",\"device_type\":\"ios\"}', 'HTTP/1.1 200 OK\r\nCache-Control:         no-cache, private\r\nContent-Type:          application/json\r\nDate:                  Wed, 29 Apr 2020 21:51:02 GMT\r\nX-Ratelimit-Limit:     60\r\nX-Ratelimit-Remaining: 58\r\n\r\n{\"status\":\"ok\",\"register_token\":\"eyJpdiI6InBVZ2o0VlRNV3NHXC84dWhQZmZPXC82QT09IiwidmFsdWUiOiJGNjZtXC9qUEhGZWdiTExxMk5PYzFZZz09IiwibWFjIjoiZTFkYzEzNDFiMTA5NmJhYWRjMWFjODY1ZWI4ZTlhYmI2OTIwMjY2Y2Y4ZWY5ZjE5OTRlYjQwMjZjZGM5ODkzMyJ9\",\"otp\":\"052594\"}', 'api/v1/register', '127.0.0.1', '2020-04-30 04:51:02', '2020-04-30 04:51:02');
INSERT INTO `log_request_response` VALUES (13, '{\"x-api-key\":[\"ykRNP0wziQLCoC64NLpl\"],\"register-token\":[\"eyJpdiI6InBVZ2o0VlRNV3NHXC84dWhQZmZPXC82QT09IiwidmFsdWUiOiJGNjZtXC9qUEhGZWdiTExxMk5PYzFZZz09IiwibWFjIjoiZTFkYzEzNDFiMTA5NmJhYWRjMWFjODY1ZWI4ZTlhYmI2OTIwMjY2Y2Y4ZWY5ZjE5OTRlYjQwMjZjZGM5ODkzMyJ9\"],\"user-agent\":[\"PostmanRuntime\\/7.24.1\"],\"accept\":[\"*\\/*\"],\"postman-token\":[\"85699ab1-bd93-4e9b-a3c3-410a69f1fcdd\"],\"host\":[\"www.tpacare.local\"],\"accept-encoding\":[\"gzip, deflate, br\"],\"connection\":[\"keep-alive\"],\"content-type\":[\"multipart\\/form-data; boundary=--------------------------144571470945014254029541\"],\"content-length\":[\"164\"]}', '{\"otp\":\"052594\"}', 'HTTP/1.1 500 Internal Server Error\r\nCache-Control:         no-cache, private\r\nContent-Type:          application/json\r\nDate:                  Wed, 29 Apr 2020 21:55:35 GMT\r\nX-Ratelimit-Limit:     60\r\nX-Ratelimit-Remaining: 59\r\n\r\n{\"status\":\"error\",\"message\":\"The device type field is required.; The device token field is required.\"}', 'api/v1/register/verifyotp', '127.0.0.1', '2020-04-30 04:55:35', '2020-04-30 04:55:35');
INSERT INTO `log_request_response` VALUES (14, '{\"x-api-key\":[\"ykRNP0wziQLCoC64NLpl\"],\"register-token\":[\"eyJpdiI6InBVZ2o0VlRNV3NHXC84dWhQZmZPXC82QT09IiwidmFsdWUiOiJGNjZtXC9qUEhGZWdiTExxMk5PYzFZZz09IiwibWFjIjoiZTFkYzEzNDFiMTA5NmJhYWRjMWFjODY1ZWI4ZTlhYmI2OTIwMjY2Y2Y4ZWY5ZjE5OTRlYjQwMjZjZGM5ODkzMyJ9\"],\"user-agent\":[\"PostmanRuntime\\/7.24.1\"],\"accept\":[\"*\\/*\"],\"postman-token\":[\"0ee4291e-6dca-4ce9-8a51-7f70bae58379\"],\"host\":[\"www.tpacare.local\"],\"accept-encoding\":[\"gzip, deflate, br\"],\"connection\":[\"keep-alive\"],\"content-type\":[\"multipart\\/form-data; boundary=--------------------------201348709482775539072324\"],\"content-length\":[\"394\"]}', '{\"otp\":\"052594\",\"device_type\":\"ios\",\"device_token\":\"xxxxxx\"}', 'HTTP/1.1 500 Internal Server Error\r\nCache-Control:         no-cache, private\r\nContent-Type:          application/json\r\nDate:                  Wed, 29 Apr 2020 21:56:05 GMT\r\nX-Ratelimit-Limit:     60\r\nX-Ratelimit-Remaining: 58\r\n\r\n{\"status\":\"error\",\"message\":\"OTP \\u0e44\\u0e21\\u0e48\\u0e16\\u0e39\\u0e01\\u0e15\\u0e49\\u0e2d\\u0e07\"}', 'api/v1/register/verifyotp', '127.0.0.1', '2020-04-30 04:56:05', '2020-04-30 04:56:05');
INSERT INTO `log_request_response` VALUES (15, '{\"x-api-key\":[\"ykRNP0wziQLCoC64NLpl\"],\"register-token\":[\"eyJpdiI6InBVZ2o0VlRNV3NHXC84dWhQZmZPXC82QT09IiwidmFsdWUiOiJGNjZtXC9qUEhGZWdiTExxMk5PYzFZZz09IiwibWFjIjoiZTFkYzEzNDFiMTA5NmJhYWRjMWFjODY1ZWI4ZTlhYmI2OTIwMjY2Y2Y4ZWY5ZjE5OTRlYjQwMjZjZGM5ODkzMyJ9\"],\"user-agent\":[\"PostmanRuntime\\/7.24.1\"],\"accept\":[\"*\\/*\"],\"postman-token\":[\"69377fb6-e3a7-42b5-95a0-407da43f0abe\"],\"host\":[\"www.tpacare.local\"],\"accept-encoding\":[\"gzip, deflate, br\"],\"connection\":[\"keep-alive\"]}', '[]', 'HTTP/1.1 500 Internal Server Error\r\nCache-Control:         no-cache, private\r\nContent-Type:          application/json\r\nDate:                  Wed, 29 Apr 2020 21:56:25 GMT\r\nX-Ratelimit-Limit:     60\r\nX-Ratelimit-Remaining: 57\r\n\r\n{\"status\":\"error\",\"message\":\"SQLSTATE[42S02]: Base table or view not found: 1146 Table \'tpacare.tpa_config\' doesn\'t exist (SQL: select `config_val` from `tpa_config` where `config_key` = rendotp_minute limit 1)\"}', 'api/v1/register/resendotp', '127.0.0.1', '2020-04-30 04:56:25', '2020-04-30 04:56:25');
INSERT INTO `log_request_response` VALUES (16, '{\"x-api-key\":[\"ykRNP0wziQLCoC64NLpl\"],\"register-token\":[\"eyJpdiI6InBVZ2o0VlRNV3NHXC84dWhQZmZPXC82QT09IiwidmFsdWUiOiJGNjZtXC9qUEhGZWdiTExxMk5PYzFZZz09IiwibWFjIjoiZTFkYzEzNDFiMTA5NmJhYWRjMWFjODY1ZWI4ZTlhYmI2OTIwMjY2Y2Y4ZWY5ZjE5OTRlYjQwMjZjZGM5ODkzMyJ9\"],\"user-agent\":[\"PostmanRuntime\\/7.24.1\"],\"accept\":[\"*\\/*\"],\"postman-token\":[\"087b2ea0-c8f2-4c76-ad38-ff915e1bc2c8\"],\"host\":[\"www.tpacare.local\"],\"accept-encoding\":[\"gzip, deflate, br\"],\"connection\":[\"keep-alive\"]}', '[]', 'HTTP/1.1 200 OK\r\nCache-Control:         no-cache, private\r\nContent-Type:          application/json\r\nDate:                  Wed, 29 Apr 2020 21:57:43 GMT\r\nX-Ratelimit-Limit:     60\r\nX-Ratelimit-Remaining: 59\r\n\r\n{\"status\":\"ok\",\"register_token\":\"eyJpdiI6InBVZ2o0VlRNV3NHXC84dWhQZmZPXC82QT09IiwidmFsdWUiOiJGNjZtXC9qUEhGZWdiTExxMk5PYzFZZz09IiwibWFjIjoiZTFkYzEzNDFiMTA5NmJhYWRjMWFjODY1ZWI4ZTlhYmI2OTIwMjY2Y2Y4ZWY5ZjE5OTRlYjQwMjZjZGM5ODkzMyJ9\",\"otp\":\"568888\"}', 'api/v1/register/resendotp', '127.0.0.1', '2020-04-30 04:57:43', '2020-04-30 04:57:43');
INSERT INTO `log_request_response` VALUES (17, '{\"x-api-key\":[\"ykRNP0wziQLCoC64NLpl\"],\"register-token\":[\"eyJpdiI6InBVZ2o0VlRNV3NHXC84dWhQZmZPXC82QT09IiwidmFsdWUiOiJGNjZtXC9qUEhGZWdiTExxMk5PYzFZZz09IiwibWFjIjoiZTFkYzEzNDFiMTA5NmJhYWRjMWFjODY1ZWI4ZTlhYmI2OTIwMjY2Y2Y4ZWY5ZjE5OTRlYjQwMjZjZGM5ODkzMyJ9\"],\"user-agent\":[\"PostmanRuntime\\/7.24.1\"],\"accept\":[\"*\\/*\"],\"postman-token\":[\"7db01d7c-7363-4245-ab4b-3388d1ffef96\"],\"host\":[\"www.tpacare.local\"],\"accept-encoding\":[\"gzip, deflate, br\"],\"connection\":[\"keep-alive\"],\"content-type\":[\"multipart\\/form-data; boundary=--------------------------761364752317579108552471\"],\"content-length\":[\"394\"]}', '{\"otp\":\"568888\",\"device_type\":\"ios\",\"device_token\":\"xxxxxx\"}', 'HTTP/1.1 500 Internal Server Error\r\nCache-Control:         no-cache, private\r\nContent-Type:          application/json\r\nDate:                  Wed, 29 Apr 2020 21:57:55 GMT\r\nX-Ratelimit-Limit:     60\r\nX-Ratelimit-Remaining: 58\r\n\r\n{\"status\":\"error\",\"message\":\"SQLSTATE[22001]: String data, right truncated: 1406 Data too long for column \'access_token\' at row 1 (SQL: update `users` set `status` = 1, `access_token` = eyJ0eXAiOiJKV1QiLCJhbGciOiJIUzI1NiJ9.eyJ1aWQiOjIsInVkaWQiOjEsImlhdCI6MTU4ODE5NzQ3NSwiZXhwIjoxNTg4MjgzODc1fQ.DC4LFAZ1DEdeD5OSE8rpfy5A9hW3-GhvZ9GG68nNs8o, `remember_token` = , `updated_at` = 2020-04-30 04:57:55, `login_at` = 2020-04-30 04:57:55 where `id` = 2)\"}', 'api/v1/register/verifyotp', '127.0.0.1', '2020-04-30 04:57:55', '2020-04-30 04:57:55');
INSERT INTO `log_request_response` VALUES (18, '{\"x-api-key\":[\"ykRNP0wziQLCoC64NLpl\"],\"register-token\":[\"eyJpdiI6InBVZ2o0VlRNV3NHXC84dWhQZmZPXC82QT09IiwidmFsdWUiOiJGNjZtXC9qUEhGZWdiTExxMk5PYzFZZz09IiwibWFjIjoiZTFkYzEzNDFiMTA5NmJhYWRjMWFjODY1ZWI4ZTlhYmI2OTIwMjY2Y2Y4ZWY5ZjE5OTRlYjQwMjZjZGM5ODkzMyJ9\"],\"user-agent\":[\"PostmanRuntime\\/7.24.1\"],\"accept\":[\"*\\/*\"],\"postman-token\":[\"77bc45d2-c659-4e41-a238-49d0548fb914\"],\"host\":[\"www.tpacare.local\"],\"accept-encoding\":[\"gzip, deflate, br\"],\"connection\":[\"keep-alive\"],\"content-type\":[\"multipart\\/form-data; boundary=--------------------------361597883638739787452580\"],\"content-length\":[\"394\"]}', '{\"otp\":\"568888\",\"device_type\":\"ios\",\"device_token\":\"xxxxxx\"}', 'HTTP/1.1 500 Internal Server Error\r\nCache-Control:         no-cache, private\r\nContent-Type:          application/json\r\nDate:                  Wed, 29 Apr 2020 21:58:42 GMT\r\nX-Ratelimit-Limit:     60\r\nX-Ratelimit-Remaining: 57\r\n\r\n{\"status\":\"error\",\"message\":\"OTP \\u0e44\\u0e21\\u0e48\\u0e16\\u0e39\\u0e01\\u0e15\\u0e49\\u0e2d\\u0e07\"}', 'api/v1/register/verifyotp', '127.0.0.1', '2020-04-30 04:58:42', '2020-04-30 04:58:42');
INSERT INTO `log_request_response` VALUES (19, '{\"x-api-key\":[\"ykRNP0wziQLCoC64NLpl\"],\"register-token\":[\"eyJpdiI6InBVZ2o0VlRNV3NHXC84dWhQZmZPXC82QT09IiwidmFsdWUiOiJGNjZtXC9qUEhGZWdiTExxMk5PYzFZZz09IiwibWFjIjoiZTFkYzEzNDFiMTA5NmJhYWRjMWFjODY1ZWI4ZTlhYmI2OTIwMjY2Y2Y4ZWY5ZjE5OTRlYjQwMjZjZGM5ODkzMyJ9\"],\"user-agent\":[\"PostmanRuntime\\/7.24.1\"],\"accept\":[\"*\\/*\"],\"postman-token\":[\"ffad2d72-89b3-4d7c-8140-10a10b95ef64\"],\"host\":[\"www.tpacare.local\"],\"accept-encoding\":[\"gzip, deflate, br\"],\"connection\":[\"keep-alive\"]}', '[]', 'HTTP/1.1 200 OK\r\nCache-Control:         no-cache, private\r\nContent-Type:          application/json\r\nDate:                  Wed, 29 Apr 2020 21:58:48 GMT\r\nX-Ratelimit-Limit:     60\r\nX-Ratelimit-Remaining: 59\r\n\r\n{\"status\":\"ok\",\"register_token\":\"eyJpdiI6InBVZ2o0VlRNV3NHXC84dWhQZmZPXC82QT09IiwidmFsdWUiOiJGNjZtXC9qUEhGZWdiTExxMk5PYzFZZz09IiwibWFjIjoiZTFkYzEzNDFiMTA5NmJhYWRjMWFjODY1ZWI4ZTlhYmI2OTIwMjY2Y2Y4ZWY5ZjE5OTRlYjQwMjZjZGM5ODkzMyJ9\",\"otp\":\"196814\"}', 'api/v1/register/resendotp', '127.0.0.1', '2020-04-30 04:58:48', '2020-04-30 04:58:48');
INSERT INTO `log_request_response` VALUES (20, '{\"x-api-key\":[\"ykRNP0wziQLCoC64NLpl\"],\"register-token\":[\"eyJpdiI6InBVZ2o0VlRNV3NHXC84dWhQZmZPXC82QT09IiwidmFsdWUiOiJGNjZtXC9qUEhGZWdiTExxMk5PYzFZZz09IiwibWFjIjoiZTFkYzEzNDFiMTA5NmJhYWRjMWFjODY1ZWI4ZTlhYmI2OTIwMjY2Y2Y4ZWY5ZjE5OTRlYjQwMjZjZGM5ODkzMyJ9\"],\"user-agent\":[\"PostmanRuntime\\/7.24.1\"],\"accept\":[\"*\\/*\"],\"postman-token\":[\"121c6221-59ea-4ceb-85e2-9332699f506a\"],\"host\":[\"www.tpacare.local\"],\"accept-encoding\":[\"gzip, deflate, br\"],\"connection\":[\"keep-alive\"],\"content-type\":[\"multipart\\/form-data; boundary=--------------------------604955921476255270209186\"],\"content-length\":[\"394\"]}', '{\"otp\":\"196814\",\"device_type\":\"ios\",\"device_token\":\"xxxxxx\"}', 'HTTP/1.1 200 OK\r\nCache-Control:         no-cache, private\r\nContent-Type:          application/json\r\nDate:                  Wed, 29 Apr 2020 21:58:57 GMT\r\nX-Ratelimit-Limit:     60\r\nX-Ratelimit-Remaining: 58\r\n\r\n{\"status\":\"ok\",\"data\":{\"access_token\":\"eyJ0eXAiOiJKV1QiLCJhbGciOiJIUzI1NiJ9.eyJ1aWQiOjIsInVkaWQiOjIsImlhdCI6MTU4ODE5NzUzNywiZXhwIjoxNTg4MjgzOTM3fQ.666e69zMBVYLpVcbila79ic-BD6sTyIN7PMb6FcGy3g\"}}', 'api/v1/register/verifyotp', '127.0.0.1', '2020-04-30 04:58:57', '2020-04-30 04:58:57');
INSERT INTO `log_request_response` VALUES (21, '{\"authorization\":[\"Bearer eyJ0eXAiOiJKV1QiLCJhbGciOiJIUzI1NiJ9.eyJ1aWQiOjIsInVkaWQiOjIsImlhdCI6MTU4ODE5NzUzNywiZXhwIjoxNTg4MjgzOTM3fQ.666e69zMBVYLpVcbila79ic-BD6sTyIN7PMb6FcGy3g\"],\"x-api-key\":[\"ykRNP0wziQLCoC64NLpl\"],\"user-agent\":[\"PostmanRuntime\\/7.24.1\"],\"accept\":[\"*\\/*\"],\"postman-token\":[\"c2ae0dd5-c8ae-4377-98a1-2c6496408cc8\"],\"host\":[\"www.tpacare.local\"],\"accept-encoding\":[\"gzip, deflate, br\"],\"connection\":[\"keep-alive\"],\"content-type\":[\"multipart\\/form-data; boundary=--------------------------519872417263618235934436\"],\"content-length\":[\"173\"]}', '{\"device_token\":\"xxxxxx\"}', 'HTTP/1.1 200 OK\r\nCache-Control:         no-cache, private\r\nContent-Type:          application/json\r\nDate:                  Mon, 04 May 2020 16:51:58 GMT\r\nX-Ratelimit-Limit:     60\r\nX-Ratelimit-Remaining: 59\r\n\r\n{\"status\":\"ok\",\"message\":\"welcome !\",\"token\":\"eyJ0eXAiOiJKV1QiLCJhbGciOiJIUzI1NiJ9.eyJ1aWQiOjIsInVkaWQiOjIsImlhdCI6MTU4ODE5NzUzNywiZXhwIjoxNTg4MjgzOTM3fQ.666e69zMBVYLpVcbila79ic-BD6sTyIN7PMb6FcGy3g\"}', 'api/v1/setpin', '127.0.0.1', '2020-05-04 23:51:58', '2020-05-04 23:51:58');
INSERT INTO `log_request_response` VALUES (22, '{\"authorization\":[\"Bearer eyJ0eXAiOiJKV1QiLCJhbGciOiJIUzI1NiJ9.eyJ1aWQiOjIsInVkaWQiOjIsImlhdCI6MTU4ODE5NzUzNywiZXhwIjoxNTg4MjgzOTM3fQ.666e69zMBVYLpVcbila79ic-BD6sTyIN7PMb6FcGy3g\"],\"x-api-key\":[\"ykRNP0wziQLCoC64NLpl\"],\"user-agent\":[\"PostmanRuntime\\/7.24.1\"],\"accept\":[\"*\\/*\"],\"postman-token\":[\"f2ad8387-8803-4ea9-be9e-a74e2819752a\"],\"host\":[\"www.tpacare.local\"],\"accept-encoding\":[\"gzip, deflate, br\"],\"connection\":[\"keep-alive\"],\"content-type\":[\"multipart\\/form-data; boundary=--------------------------495704876857883134166548\"],\"content-length\":[\"173\"]}', '{\"device_token\":\"xxxxxx\"}', 'HTTP/1.1 500 Internal Server Error\r\nCache-Control:         no-cache, private\r\nContent-Type:          application/json\r\nDate:                  Mon, 04 May 2020 17:01:49 GMT\r\nX-Ratelimit-Limit:     60\r\nX-Ratelimit-Remaining: 59\r\n\r\n{\"status\":\"error\",\"message\":\"Expired token\"}', 'api/v1/setpin', '127.0.0.1', '2020-05-05 00:01:49', '2020-05-05 00:01:49');
INSERT INTO `log_request_response` VALUES (23, '{\"authorization\":[\"Bearer eyJhbGciOiJIUzI1NiIsInR5cCI6IkpXVCJ9.eyJzdWIiOiIxMjM0NTY3ODkwIiwibmFtZSI6IkpvaG4gRG9lIiwiaWF0IjoxNTE2MjM5MDIyfQ.SflKxwRJSMeKKF2QT4fwpMeJf36POk6yJV_adQssw5c\"],\"x-api-key\":[\"ykRNP0wziQLCoC64NLpl\"],\"user-agent\":[\"PostmanRuntime\\/7.24.1\"],\"accept\":[\"*\\/*\"],\"postman-token\":[\"a9bbcb6c-d1fa-4913-8acf-4e2771c46d30\"],\"host\":[\"www.tpacare.local\"],\"accept-encoding\":[\"gzip, deflate, br\"],\"connection\":[\"keep-alive\"],\"content-type\":[\"multipart\\/form-data; boundary=--------------------------307392589717919060872342\"],\"content-length\":[\"173\"]}', '{\"device_token\":\"xxxxxx\"}', 'HTTP/1.1 500 Internal Server Error\r\nCache-Control:         no-cache, private\r\nContent-Type:          application/json\r\nDate:                  Mon, 04 May 2020 17:05:55 GMT\r\nX-Ratelimit-Limit:     60\r\nX-Ratelimit-Remaining: 59\r\n\r\n{\"status\":\"error\",\"message\":\"Signature verification failed\"}', 'api/v1/setpin', '127.0.0.1', '2020-05-05 00:05:55', '2020-05-05 00:05:55');
INSERT INTO `log_request_response` VALUES (24, '{\"authorization\":[\"Bearer eyJhbGciOiJIUzI1NiIsInR5cCI6IkpXVCJ9.eyJzdWIiOiIxMjM0NTY3ODkwIiwibmFtZSI6IkpvaG4gRG9lIiwiaWF0IjoxNTE2MjM5MDIyfQ.SflKxwRJSMeKKF2QT4fwpMeJf36POk6yJV_adQssw5c\"],\"x-api-key\":[\"ykRNP0wziQLCoC64NLpl\"],\"user-agent\":[\"PostmanRuntime\\/7.24.1\"],\"accept\":[\"*\\/*\"],\"postman-token\":[\"428282bc-9984-4883-a43b-f2789fb28383\"],\"host\":[\"www.tpacare.local\"],\"accept-encoding\":[\"gzip, deflate, br\"],\"connection\":[\"keep-alive\"],\"content-type\":[\"multipart\\/form-data; boundary=--------------------------259090834303857363952040\"],\"content-length\":[\"173\"]}', '{\"device_token\":\"xxxxxx\"}', 'HTTP/1.1 500 Internal Server Error\r\nCache-Control:         no-cache, private\r\nContent-Type:          application/json\r\nDate:                  Mon, 04 May 2020 17:18:45 GMT\r\nX-Ratelimit-Limit:     60\r\nX-Ratelimit-Remaining: 59\r\n\r\n{\"status\":\"error\",\"message\":\"Signature verification failed\"}', 'api/v1/setpin', '127.0.0.1', '2020-05-05 00:18:45', '2020-05-05 00:18:45');
INSERT INTO `log_request_response` VALUES (25, '{\"x-api-key\":[\"ykRNP0wziQLCoC64NLpl\"],\"user-agent\":[\"PostmanRuntime\\/7.24.1\"],\"accept\":[\"*\\/*\"],\"postman-token\":[\"0158db12-2c47-4996-86da-accbbcc86921\"],\"host\":[\"www.tpacare.local\"],\"accept-encoding\":[\"gzip, deflate, br\"],\"connection\":[\"keep-alive\"],\"content-type\":[\"multipart\\/form-data; boundary=--------------------------546953245879185917861647\"],\"content-length\":[\"173\"]}', '{\"device_token\":\"xxxxxx\"}', 'HTTP/1.1 500 Internal Server Error\r\nCache-Control:         no-cache, private\r\nContent-Type:          application/json\r\nDate:                  Mon, 04 May 2020 17:28:39 GMT\r\nX-Ratelimit-Limit:     60\r\nX-Ratelimit-Remaining: 59\r\n\r\n{\"status\":\"error\",\"message\":\"The username field is required.; The password field is required.\"}', 'api/v1/signin', '127.0.0.1', '2020-05-05 00:28:39', '2020-05-05 00:28:39');
INSERT INTO `log_request_response` VALUES (26, '{\"x-api-key\":[\"ykRNP0wziQLCoC64NLpl\"],\"user-agent\":[\"PostmanRuntime\\/7.24.1\"],\"accept\":[\"*\\/*\"],\"postman-token\":[\"a900d3e2-b593-435f-8fec-c437724b6575\"],\"host\":[\"www.tpacare.local\"],\"accept-encoding\":[\"gzip, deflate, br\"],\"connection\":[\"keep-alive\"],\"content-type\":[\"multipart\\/form-data; boundary=--------------------------272639944669973605385483\"],\"content-length\":[\"398\"]}', '{\"device_token\":\"xxxxxx\",\"username\":\"ddddd\",\"password\":\"123456\"}', 'HTTP/1.1 200 OK\r\nCache-Control:         no-cache, private\r\nContent-Type:          application/json\r\nDate:                  Mon, 04 May 2020 17:30:03 GMT\r\nX-Ratelimit-Limit:     60\r\nX-Ratelimit-Remaining: 59\r\n\r\n{\"status\":\"ok\",\"message\":\"welcome !\",\"uid\":{\"id\":2,\"name\":\"Sakda\",\"surname\":\"Srijumpa\",\"email\":\"ddddd\",\"email_verified_at\":null,\"mobile\":\"0890535589\",\"username\":\"ddddd\",\"access_token\":\"eyJ0eXAiOiJKV1QiLCJhbGciOiJIUzI1NiJ9.eyJ1aWQiOjIsInVkaWQiOjIsImlhdCI6MTU4ODE5NzUzNywiZXhwIjoxNTg4MjgzOTM3fQ.666e69zMBVYLpVcbila79ic-BD6sTyIN7PMb6FcGy3g\",\"channel\":2,\"photo\":null,\"cb_roles_id\":0,\"status\":1,\"ip_address\":\"127.0.0.1\",\"user_agent\":\"PostmanRuntime\\/7.24.1\",\"created_at\":\"2020-04-30 04:51:02\",\"updated_at\":\"2020-04-30 04:58:57\",\"login_at\":\"2020-04-30 04:58:57\"},\"credential\":{\"username\":\"ddddd\",\"password\":\"123456\",\"status\":1}}', 'api/v1/signin', '127.0.0.1', '2020-05-05 00:30:03', '2020-05-05 00:30:03');
INSERT INTO `log_request_response` VALUES (27, '{\"x-api-key\":[\"ykRNP0wziQLCoC64NLpl\"],\"user-agent\":[\"PostmanRuntime\\/7.24.1\"],\"accept\":[\"*\\/*\"],\"postman-token\":[\"15260dac-81f5-4538-8649-960ceb21c0a5\"],\"host\":[\"www.tpacare.local\"],\"accept-encoding\":[\"gzip, deflate, br\"],\"connection\":[\"keep-alive\"],\"content-type\":[\"multipart\\/form-data; boundary=--------------------------098550709747475612526154\"],\"content-length\":[\"398\"]}', '{\"device_token\":\"xxxxxx\",\"username\":\"ddddd\",\"password\":\"123456\"}', 'HTTP/1.1 200 OK\r\nCache-Control:         no-cache, private\r\nContent-Type:          application/json\r\nDate:                  Mon, 04 May 2020 17:33:28 GMT\r\nX-Ratelimit-Limit:     60\r\nX-Ratelimit-Remaining: 59\r\n\r\n{\"status\":\"ok\",\"message\":\"welcome !\",\"user\":{\"id\":2,\"name\":\"Sakda\",\"surname\":\"Srijumpa\",\"email\":\"ddddd\",\"email_verified_at\":null,\"mobile\":\"0890535589\",\"username\":\"ddddd\",\"pin\":null,\"access_token\":\"eyJ0eXAiOiJKV1QiLCJhbGciOiJIUzI1NiJ9.eyJ1aWQiOjIsInVkaWQiOjIsImlhdCI6MTU4ODE5NzUzNywiZXhwIjoxNTg4MjgzOTM3fQ.666e69zMBVYLpVcbila79ic-BD6sTyIN7PMb6FcGy3g\",\"channel\":2,\"photo\":null,\"cb_roles_id\":0,\"status\":1,\"ip_address\":\"127.0.0.1\",\"user_agent\":\"PostmanRuntime\\/7.24.1\",\"created_at\":\"2020-04-30 04:51:02\",\"updated_at\":\"2020-04-30 04:58:57\",\"login_at\":\"2020-04-30 04:58:57\"},\"credential\":{\"username\":\"ddddd\",\"password\":\"123456\",\"status\":1,\"channel\":2}}', 'api/v1/signin', '127.0.0.1', '2020-05-05 00:33:28', '2020-05-05 00:33:28');
INSERT INTO `log_request_response` VALUES (28, '{\"x-api-key\":[\"ykRNP0wziQLCoC64NLpl\"],\"user-agent\":[\"PostmanRuntime\\/7.24.1\"],\"accept\":[\"*\\/*\"],\"postman-token\":[\"f0148d6d-d930-4728-9f44-112310f25551\"],\"host\":[\"www.tpacare.local\"],\"accept-encoding\":[\"gzip, deflate, br\"],\"connection\":[\"keep-alive\"],\"content-type\":[\"multipart\\/form-data; boundary=--------------------------890649262797398018602348\"],\"content-length\":[\"398\"]}', '{\"device_token\":\"xxxxxx\",\"username\":\"ddddd\",\"password\":\"123456\"}', 'HTTP/1.1 500 Internal Server Error\r\nCache-Control:         no-cache, private\r\nContent-Type:          application/json\r\nDate:                  Mon, 04 May 2020 17:38:30 GMT\r\nX-Ratelimit-Limit:     60\r\nX-Ratelimit-Remaining: 59\r\n\r\n{\"status\":\"error\",\"message\":\"The device type field is required.\"}', 'api/v1/signin', '127.0.0.1', '2020-05-05 00:38:30', '2020-05-05 00:38:30');
INSERT INTO `log_request_response` VALUES (29, '{\"x-api-key\":[\"ykRNP0wziQLCoC64NLpl\"],\"user-agent\":[\"PostmanRuntime\\/7.24.1\"],\"accept\":[\"*\\/*\"],\"postman-token\":[\"b49ee911-fcd9-4cef-9c44-afd917a739dc\"],\"host\":[\"www.tpacare.local\"],\"accept-encoding\":[\"gzip, deflate, br\"],\"connection\":[\"keep-alive\"],\"content-type\":[\"multipart\\/form-data; boundary=--------------------------304277471471401425757368\"],\"content-length\":[\"511\"]}', '{\"username\":\"ddddd\",\"password\":\"123456\",\"device_token\":\"xxxxxx\",\"device_type\":\"ios\"}', 'HTTP/1.1 200 OK\r\nCache-Control:         no-cache, private\r\nContent-Type:          application/json\r\nDate:                  Mon, 04 May 2020 17:46:42 GMT\r\nX-Ratelimit-Limit:     60\r\nX-Ratelimit-Remaining: 59\r\n\r\n{\"status\":\"ok\",\"message\":\"welcome !\",\"user\":{\"id\":2,\"name\":\"Sakda\",\"surname\":\"Srijumpa\",\"email\":\"ddddd\",\"email_verified_at\":null,\"mobile\":\"0890535589\",\"username\":\"ddddd\",\"pin\":null,\"access_token\":\"eyJ0eXAiOiJKV1QiLCJhbGciOiJIUzI1NiJ9.eyJ1aWQiOjIsInVkaWQiOjIsImlhdCI6MTU4ODE5NzUzNywiZXhwIjoxNTg4MjgzOTM3fQ.666e69zMBVYLpVcbila79ic-BD6sTyIN7PMb6FcGy3g\",\"channel\":2,\"photo\":null,\"cb_roles_id\":0,\"status\":1,\"ip_address\":\"127.0.0.1\",\"user_agent\":\"PostmanRuntime\\/7.24.1\",\"created_at\":\"2020-04-30 04:51:02\",\"updated_at\":\"2020-04-30 04:58:57\",\"login_at\":\"2020-04-30 04:58:57\"},\"count\":1}', 'api/v1/signin', '127.0.0.1', '2020-05-05 00:46:42', '2020-05-05 00:46:42');
INSERT INTO `log_request_response` VALUES (30, '{\"x-api-key\":[\"ykRNP0wziQLCoC64NLpl\"],\"user-agent\":[\"PostmanRuntime\\/7.24.1\"],\"accept\":[\"*\\/*\"],\"postman-token\":[\"ec8e9343-0b01-4b62-b02a-43b13d4bc4a9\"],\"host\":[\"www.tpacare.local\"],\"accept-encoding\":[\"gzip, deflate, br\"],\"connection\":[\"keep-alive\"],\"content-type\":[\"multipart\\/form-data; boundary=--------------------------541138913221001574139907\"],\"content-length\":[\"511\"]}', '{\"username\":\"ddddd\",\"password\":\"123456\",\"device_token\":\"xxxxxx\",\"device_type\":\"ios\"}', 'HTTP/1.1 200 OK\r\nCache-Control:         no-cache, private\r\nContent-Type:          application/json\r\nDate:                  Mon, 04 May 2020 17:49:32 GMT\r\nX-Ratelimit-Limit:     60\r\nX-Ratelimit-Remaining: 59\r\n\r\n{\"status\":\"ok\",\"message\":\"welcome !\",\"user\":{\"id\":2,\"name\":\"Sakda\",\"surname\":\"Srijumpa\",\"email\":\"ddddd\",\"email_verified_at\":null,\"mobile\":\"0890535589\",\"username\":\"ddddd\",\"pin\":null,\"access_token\":\"eyJ0eXAiOiJKV1QiLCJhbGciOiJIUzI1NiJ9.eyJ1aWQiOjIsInVkaWQiOjIsImlhdCI6MTU4ODE5NzUzNywiZXhwIjoxNTg4MjgzOTM3fQ.666e69zMBVYLpVcbila79ic-BD6sTyIN7PMb6FcGy3g\",\"channel\":2,\"photo\":null,\"cb_roles_id\":0,\"status\":1,\"ip_address\":\"127.0.0.1\",\"user_agent\":\"PostmanRuntime\\/7.24.1\",\"created_at\":\"2020-04-30 04:51:02\",\"updated_at\":\"2020-04-30 04:58:57\",\"login_at\":\"2020-04-30 04:58:57\"},\"count\":1}', 'api/v1/signin', '127.0.0.1', '2020-05-05 00:49:32', '2020-05-05 00:49:32');
INSERT INTO `log_request_response` VALUES (31, '{\"x-api-key\":[\"ykRNP0wziQLCoC64NLpl\"],\"user-agent\":[\"PostmanRuntime\\/7.24.1\"],\"accept\":[\"*\\/*\"],\"postman-token\":[\"df2401e5-4035-4d83-9257-a2fa08bfdc03\"],\"host\":[\"www.tpacare.local\"],\"accept-encoding\":[\"gzip, deflate, br\"],\"connection\":[\"keep-alive\"],\"content-type\":[\"multipart\\/form-data; boundary=--------------------------267497207579742966148042\"],\"content-length\":[\"511\"]}', '{\"username\":\"ddddd\",\"password\":\"123456\",\"device_token\":\"xxxxxx\",\"device_type\":\"ios\"}', 'HTTP/1.1 200 OK\r\nCache-Control:         no-cache, private\r\nContent-Type:          application/json\r\nDate:                  Mon, 04 May 2020 17:52:15 GMT\r\nX-Ratelimit-Limit:     60\r\nX-Ratelimit-Remaining: 59\r\n\r\n{\"status\":\"ok\",\"message\":\"welcome !\",\"user\":{\"id\":2,\"name\":\"Sakda\",\"surname\":\"Srijumpa\",\"email\":\"ddddd\",\"email_verified_at\":null,\"mobile\":\"0890535589\",\"username\":\"ddddd\",\"pin\":null,\"access_token\":\"eyJ0eXAiOiJKV1QiLCJhbGciOiJIUzI1NiJ9.eyJ1aWQiOjIsInVkaWQiOjIsImlhdCI6MTU4ODE5NzUzNywiZXhwIjoxNTg4MjgzOTM3fQ.666e69zMBVYLpVcbila79ic-BD6sTyIN7PMb6FcGy3g\",\"channel\":2,\"photo\":null,\"cb_roles_id\":0,\"status\":1,\"ip_address\":\"127.0.0.1\",\"user_agent\":\"PostmanRuntime\\/7.24.1\",\"created_at\":\"2020-04-30 04:51:02\",\"updated_at\":\"2020-04-30 04:58:57\",\"login_at\":\"2020-04-30 04:58:57\"},\"udid\":1,\"count\":1}', 'api/v1/signin', '127.0.0.1', '2020-05-05 00:52:15', '2020-05-05 00:52:15');
INSERT INTO `log_request_response` VALUES (32, '{\"x-api-key\":[\"ykRNP0wziQLCoC64NLpl\"],\"user-agent\":[\"PostmanRuntime\\/7.24.1\"],\"accept\":[\"*\\/*\"],\"postman-token\":[\"5e4fc161-44e3-47f1-b527-c5ff2537c89d\"],\"host\":[\"www.tpacare.local\"],\"accept-encoding\":[\"gzip, deflate, br\"],\"connection\":[\"keep-alive\"],\"content-type\":[\"multipart\\/form-data; boundary=--------------------------290573248805715440322359\"],\"content-length\":[\"511\"]}', '{\"username\":\"ddddd\",\"password\":\"123456\",\"device_token\":\"xxxxxx\",\"device_type\":\"ios\"}', 'HTTP/1.1 200 OK\r\nCache-Control:         no-cache, private\r\nContent-Type:          application/json\r\nDate:                  Mon, 04 May 2020 18:00:05 GMT\r\nX-Ratelimit-Limit:     60\r\nX-Ratelimit-Remaining: 59\r\n\r\n{\"status\":\"ok\",\"message\":\"welcome !\",\"data\":{\"access_token\":\"eyJ0eXAiOiJKV1QiLCJhbGciOiJIUzI1NiJ9.eyJ1aWQiOjIsInVkaWQiOjEsImlhdCI6MTU4ODYxNTIwNCwiZXhwIjoxNTg4NzAxNjA0fQ.ZgJqHoe5tYB5RCLf95Drgzm7099rtPz8lr_AVaSjFXU\",\"is_pin\":false}}', 'api/v1/signin', '127.0.0.1', '2020-05-05 01:00:05', '2020-05-05 01:00:05');
INSERT INTO `log_request_response` VALUES (33, '{\"authorization\":[\"Bearer eyJ0eXAiOiJKV1QiLCJhbGciOiJIUzI1NiJ9.eyJ1aWQiOjIsInVkaWQiOjIsImlhdCI6MTU4ODE5NzUzNywiZXhwIjoxNTg4MjgzOTM3fQ.666e69zMBVYLpVcbila79ic-BD6sTyIN7PMb6FcGy3g\"],\"x-api-key\":[\"ykRNP0wziQLCoC64NLpl\"],\"user-agent\":[\"PostmanRuntime\\/7.24.1\"],\"accept\":[\"*\\/*\"],\"postman-token\":[\"878ee10d-f507-4f31-ac7c-c0390027c8fc\"],\"host\":[\"www.tpacare.local\"],\"accept-encoding\":[\"gzip, deflate, br\"],\"connection\":[\"keep-alive\"]}', '[]', 'HTTP/1.1 500 Internal Server Error\r\nCache-Control:         no-cache, private\r\nContent-Type:          application/json\r\nDate:                  Mon, 04 May 2020 18:04:53 GMT\r\nX-Ratelimit-Limit:     60\r\nX-Ratelimit-Remaining: 59\r\n\r\n{\"status\":\"error\",\"message\":\"Expired token\"}', 'api/v1/check-token', '127.0.0.1', '2020-05-05 01:04:53', '2020-05-05 01:04:53');
INSERT INTO `log_request_response` VALUES (34, '{\"authorization\":[\"Bearer eyJ0eXAiOiJKV1QiLCJhbGciOiJIUzI1NiJ9.eyJ1aWQiOjIsInVkaWQiOjEsImlhdCI6MTU4ODYxNTIwNCwiZXhwIjoxNTg4NzAxNjA0fQ.ZgJqHoe5tYB5RCLf95Drgzm7099rtPz8lr_AVaSjFXU\"],\"x-api-key\":[\"ykRNP0wziQLCoC64NLpl\"],\"user-agent\":[\"PostmanRuntime\\/7.24.1\"],\"accept\":[\"*\\/*\"],\"postman-token\":[\"cda98bc7-3c35-4542-8f18-e1bbb37bce9c\"],\"host\":[\"www.tpacare.local\"],\"accept-encoding\":[\"gzip, deflate, br\"],\"connection\":[\"keep-alive\"]}', '[]', 'HTTP/1.1 200 OK\r\nCache-Control:         no-cache, private\r\nContent-Type:          application/json\r\nDate:                  Mon, 04 May 2020 18:05:19 GMT\r\nX-Ratelimit-Limit:     60\r\nX-Ratelimit-Remaining: 58\r\n\r\n{\"status\":\"ok\",\"message\":\"welcome !\",\"request\":{\"attributes\":{},\"request\":{},\"query\":{},\"server\":{},\"files\":{},\"cookies\":{},\"headers\":{},\"access_daata\":{\"uid\":2,\"udid\":1,\"iat\":1588615204,\"exp\":1588701604}}}', 'api/v1/check-token', '127.0.0.1', '2020-05-05 01:05:19', '2020-05-05 01:05:19');
INSERT INTO `log_request_response` VALUES (35, '{\"authorization\":[\"Bearer eyJ0eXAiOiJKV1QiLCJhbGciOiJIUzI1NiJ9.eyJ1aWQiOjIsInVkaWQiOjEsImlhdCI6MTU4ODYxNTIwNCwiZXhwIjoxNTg4NzAxNjA0fQ.ZgJqHoe5tYB5RCLf95Drgzm7099rtPz8lr_AVaSjFXU\"],\"x-api-key\":[\"ykRNP0wziQLCoC64NLpl\"],\"user-agent\":[\"PostmanRuntime\\/7.24.1\"],\"accept\":[\"*\\/*\"],\"postman-token\":[\"2c7161fd-0405-4a3f-81a3-c22948e2fc52\"],\"host\":[\"www.tpacare.local\"],\"accept-encoding\":[\"gzip, deflate, br\"],\"connection\":[\"keep-alive\"]}', '[]', 'HTTP/1.1 200 OK\r\nCache-Control:         no-cache, private\r\nContent-Type:          application/json\r\nDate:                  Mon, 04 May 2020 18:06:14 GMT\r\nX-Ratelimit-Limit:     60\r\nX-Ratelimit-Remaining: 59\r\n\r\n{\"status\":\"ok\",\"message\":\"welcome !\",\"request\":{\"attributes\":{},\"request\":{},\"query\":{},\"server\":{},\"files\":{},\"cookies\":{},\"headers\":{},\"payload\":{\"uid\":2,\"udid\":1,\"iat\":1588615204,\"exp\":1588701604}}}', 'api/v1/check-token', '127.0.0.1', '2020-05-05 01:06:14', '2020-05-05 01:06:14');
INSERT INTO `log_request_response` VALUES (36, '{\"authorization\":[\"Bearer eyJ0eXAiOiJKV1QiLCJhbGciOiJIUzI1NiJ9.eyJ1aWQiOjIsInVkaWQiOjEsImlhdCI6MTU4ODYxNTIwNCwiZXhwIjoxNTg4NzAxNjA0fQ.ZgJqHoe5tYB5RCLf95Drgzm7099rtPz8lr_AVaSjFXU\"],\"x-api-key\":[\"ykRNP0wziQLCoC64NLpl\"],\"user-agent\":[\"PostmanRuntime\\/7.24.1\"],\"accept\":[\"*\\/*\"],\"postman-token\":[\"fd4c676e-c1a1-4f9a-8755-2bd756a3a877\"],\"host\":[\"www.tpacare.local\"],\"accept-encoding\":[\"gzip, deflate, br\"],\"connection\":[\"keep-alive\"]}', '[]', 'HTTP/1.1 200 OK\r\nCache-Control:         no-cache, private\r\nContent-Type:          application/json\r\nDate:                  Mon, 04 May 2020 18:07:20 GMT\r\nX-Ratelimit-Limit:     60\r\nX-Ratelimit-Remaining: 59\r\n\r\n{\"status\":\"ok\",\"message\":\"welcome !\",\"request\":{\"attributes\":{},\"request\":{},\"query\":{},\"server\":{},\"files\":{},\"cookies\":{},\"headers\":{},\"token\":{\"uid\":2,\"udid\":1,\"iat\":1588615204,\"exp\":1588701604}}}', 'api/v1/check-token', '127.0.0.1', '2020-05-05 01:07:20', '2020-05-05 01:07:20');
INSERT INTO `log_request_response` VALUES (37, '{\"authorization\":[\"Bearer eyJ0eXAiOiJKV1QiLCJhbGciOiJIUzI1NiJ9.eyJ1aWQiOjIsInVkaWQiOjEsImlhdCI6MTU4ODYxNTIwNCwiZXhwIjoxNTg4NzAxNjA0fQ.ZgJqHoe5tYB5RCLf95Drgzm7099rtPz8lr_AVaSjFXU\"],\"x-api-key\":[\"ykRNP0wziQLCoC64NLpl\"],\"user-agent\":[\"PostmanRuntime\\/7.24.1\"],\"accept\":[\"*\\/*\"],\"postman-token\":[\"af5ff5e9-7151-4e86-ad7e-95b1577a161e\"],\"host\":[\"www.tpacare.local\"],\"accept-encoding\":[\"gzip, deflate, br\"],\"connection\":[\"keep-alive\"]}', '[]', 'HTTP/1.1 200 OK\r\nCache-Control:         no-cache, private\r\nContent-Type:          application/json\r\nDate:                  Mon, 04 May 2020 18:09:23 GMT\r\nX-Ratelimit-Limit:     60\r\nX-Ratelimit-Remaining: 58\r\n\r\n{\"status\":\"ok\",\"message\":\"welcome !\",\"token\":null}', 'api/v1/check-token', '127.0.0.1', '2020-05-05 01:09:23', '2020-05-05 01:09:23');
INSERT INTO `log_request_response` VALUES (38, '{\"authorization\":[\"Bearer eyJ0eXAiOiJKV1QiLCJhbGciOiJIUzI1NiJ9.eyJ1aWQiOjIsInVkaWQiOjEsImlhdCI6MTU4ODYxNTIwNCwiZXhwIjoxNTg4NzAxNjA0fQ.ZgJqHoe5tYB5RCLf95Drgzm7099rtPz8lr_AVaSjFXU\"],\"x-api-key\":[\"ykRNP0wziQLCoC64NLpl\"],\"user-agent\":[\"PostmanRuntime\\/7.24.1\"],\"accept\":[\"*\\/*\"],\"postman-token\":[\"1d114e6e-2599-44ea-ab8a-ae35e2452ca7\"],\"host\":[\"www.tpacare.local\"],\"accept-encoding\":[\"gzip, deflate, br\"],\"connection\":[\"keep-alive\"]}', '[]', 'HTTP/1.1 200 OK\r\nCache-Control:         no-cache, private\r\nContent-Type:          application/json\r\nDate:                  Mon, 04 May 2020 18:09:38 GMT\r\nX-Ratelimit-Limit:     60\r\nX-Ratelimit-Remaining: 57\r\n\r\n{\"status\":\"ok\",\"message\":\"welcome !\",\"token\":{\"attributes\":{},\"request\":{},\"query\":{},\"server\":{},\"files\":{},\"cookies\":{},\"headers\":{},\"token\":{\"uid\":2,\"udid\":1,\"iat\":1588615204,\"exp\":1588701604}}}', 'api/v1/check-token', '127.0.0.1', '2020-05-05 01:09:38', '2020-05-05 01:09:38');
INSERT INTO `log_request_response` VALUES (39, '{\"authorization\":[\"Bearer eyJ0eXAiOiJKV1QiLCJhbGciOiJIUzI1NiJ9.eyJ1aWQiOjIsInVkaWQiOjEsImlhdCI6MTU4ODYxNTIwNCwiZXhwIjoxNTg4NzAxNjA0fQ.ZgJqHoe5tYB5RCLf95Drgzm7099rtPz8lr_AVaSjFXU\"],\"x-api-key\":[\"ykRNP0wziQLCoC64NLpl\"],\"user-agent\":[\"PostmanRuntime\\/7.24.1\"],\"accept\":[\"*\\/*\"],\"postman-token\":[\"722970ad-1579-4fd5-8c42-1a78b5d48162\"],\"host\":[\"www.tpacare.local\"],\"accept-encoding\":[\"gzip, deflate, br\"],\"connection\":[\"keep-alive\"]}', '[]', 'HTTP/1.1 200 OK\r\nCache-Control:         no-cache, private\r\nContent-Type:          application/json\r\nDate:                  Mon, 04 May 2020 18:10:04 GMT\r\nX-Ratelimit-Limit:     60\r\nX-Ratelimit-Remaining: 59\r\n\r\n{\"status\":\"ok\",\"message\":\"welcome !\",\"token\":{\"uid\":2,\"udid\":1,\"iat\":1588615204,\"exp\":1588701604}}', 'api/v1/check-token', '127.0.0.1', '2020-05-05 01:10:04', '2020-05-05 01:10:04');
INSERT INTO `log_request_response` VALUES (40, '{\"authorization\":[\"Bearer eyJ0eXAiOiJKV1QiLCJhbGciOiJIUzI1NiJ9.eyJ1aWQiOjIsInVkaWQiOjEsImlhdCI6MTU4ODYxNTIwNCwiZXhwIjoxNTg4NzAxNjA0fQ.ZgJqHoe5tYB5RCLf95Drgzm7099rtPz8lr_AVaSjFXU\"],\"x-api-key\":[\"ykRNP0wziQLCoC64NLpl\"],\"user-agent\":[\"PostmanRuntime\\/7.24.1\"],\"accept\":[\"*\\/*\"],\"postman-token\":[\"a7ba9958-85de-4897-9a28-463bcf3ecc54\"],\"host\":[\"www.tpacare.local\"],\"accept-encoding\":[\"gzip, deflate, br\"],\"connection\":[\"keep-alive\"]}', '[]', 'HTTP/1.1 200 OK\r\nCache-Control:         no-cache, private\r\nContent-Type:          application/json\r\nDate:                  Mon, 04 May 2020 18:10:36 GMT\r\nX-Ratelimit-Limit:     60\r\nX-Ratelimit-Remaining: 58\r\n\r\n{\"status\":\"ok\",\"message\":\"welcome !\",\"token\":{\"uid\":2,\"udid\":1,\"iat\":1588615204,\"exp\":1588701604}}', 'api/v1/check-token', '127.0.0.1', '2020-05-05 01:10:36', '2020-05-05 01:10:36');
INSERT INTO `log_request_response` VALUES (41, '{\"authorization\":[\"Bearer eyJ0eXAiOiJKV1QiLCJhbGciOiJIUzI1NiJ9.eyJ1aWQiOjIsInVkaWQiOjEsImlhdCI6MTU4ODYxNTIwNCwiZXhwIjoxNTg4NzAxNjA0fQ.ZgJqHoe5tYB5RCLf95Drgzm7099rtPz8lr_AVaSjFXU\"],\"x-api-key\":[\"ykRNP0wziQLCoC64NLpl\"],\"user-agent\":[\"PostmanRuntime\\/7.24.1\"],\"accept\":[\"*\\/*\"],\"postman-token\":[\"6162c56a-3045-4400-9dea-ea890c890b05\"],\"host\":[\"www.tpacare.local\"],\"accept-encoding\":[\"gzip, deflate, br\"],\"connection\":[\"keep-alive\"]}', '[]', 'HTTP/1.1 200 OK\r\nCache-Control:         no-cache, private\r\nContent-Type:          application/json\r\nDate:                  Mon, 04 May 2020 18:14:40 GMT\r\nX-Ratelimit-Limit:     60\r\nX-Ratelimit-Remaining: 58\r\n\r\n{\"status\":\"ok\",\"message\":\"welcome !\",\"data\":{\"is_pin\":false}}', 'api/v1/check-token', '127.0.0.1', '2020-05-05 01:14:40', '2020-05-05 01:14:40');
INSERT INTO `log_request_response` VALUES (42, '{\"authorization\":[\"Bearer eyJ0eXAiOiJKV1QiLCJhbGciOiJIUzI1NiJ9.eyJ1aWQiOjIsInVkaWQiOjEsImlhdCI6MTU4ODYxNTIwNCwiZXhwIjoxNTg4NzAxNjA0fQ.ZgJqHoe5tYB5RCLf95Drgzm7099rtPz8lr_AVaSjFXU\"],\"x-api-key\":[\"ykRNP0wziQLCoC64NLpl\"],\"user-agent\":[\"PostmanRuntime\\/7.24.1\"],\"accept\":[\"*\\/*\"],\"postman-token\":[\"5968161c-c8b6-41da-85a7-8198fa1046ed\"],\"host\":[\"www.tpacare.local\"],\"accept-encoding\":[\"gzip, deflate, br\"],\"connection\":[\"keep-alive\"]}', '[]', 'HTTP/1.1 200 OK\r\nCache-Control:         no-cache, private\r\nContent-Type:          application/json\r\nDate:                  Mon, 04 May 2020 18:15:02 GMT\r\nX-Ratelimit-Limit:     60\r\nX-Ratelimit-Remaining: 57\r\n\r\n{\"status\":\"ok\",\"message\":\"welcome !\",\"data\":{\"is_pin\":false}}', 'api/v1/check-token', '127.0.0.1', '2020-05-05 01:15:02', '2020-05-05 01:15:02');
INSERT INTO `log_request_response` VALUES (43, '{\"authorization\":[\"Bearer eyJ0eXAiOiJKV1QiLCJhbGciOiJIUzI1NiJ9.eyJ1aWQiOjIsInVkaWQiOjIsImlhdCI6MTU4ODE5NzUzNywiZXhwIjoxNTg4MjgzOTM3fQ.666e69zMBVYLpVcbila79ic-BD6sTyIN7PMb6FcGy3g\"],\"x-api-key\":[\"ykRNP0wziQLCoC64NLpl\"],\"user-agent\":[\"PostmanRuntime\\/7.24.1\"],\"accept\":[\"*\\/*\"],\"postman-token\":[\"2f500ab3-ae9f-4051-9ff4-1bc2275e0493\"],\"host\":[\"www.tpacare.local\"],\"accept-encoding\":[\"gzip, deflate, br\"],\"connection\":[\"keep-alive\"],\"content-type\":[\"multipart\\/form-data; boundary=--------------------------709948510222210609538458\"],\"content-length\":[\"270\"]}', '{\"pin\":null,\"pinconf\":\"123456\"}', 'HTTP/1.1 500 Internal Server Error\r\nCache-Control:         no-cache, private\r\nContent-Type:          application/json\r\nDate:                  Mon, 04 May 2020 18:24:16 GMT\r\nX-Ratelimit-Limit:     60\r\nX-Ratelimit-Remaining: 59\r\n\r\n{\"status\":\"error\",\"message\":\"Expired token\"}', 'api/v1/setpin', '127.0.0.1', '2020-05-05 01:24:16', '2020-05-05 01:24:16');
INSERT INTO `log_request_response` VALUES (44, '{\"x-api-key\":[\"ykRNP0wziQLCoC64NLpl\"],\"user-agent\":[\"PostmanRuntime\\/7.24.1\"],\"accept\":[\"*\\/*\"],\"postman-token\":[\"bbab9c37-b5f9-47d8-a7f1-d3a4e478bab5\"],\"host\":[\"www.tpacare.local\"],\"accept-encoding\":[\"gzip, deflate, br\"],\"connection\":[\"keep-alive\"],\"content-type\":[\"multipart\\/form-data; boundary=--------------------------870624647601252313427535\"],\"content-length\":[\"511\"]}', '{\"username\":\"ddddd\",\"password\":\"123456\",\"device_token\":\"xxxxxx\",\"device_type\":\"ios\"}', 'HTTP/1.1 200 OK\r\nCache-Control:         no-cache, private\r\nContent-Type:          application/json\r\nDate:                  Mon, 04 May 2020 18:24:24 GMT\r\nX-Ratelimit-Limit:     60\r\nX-Ratelimit-Remaining: 58\r\n\r\n{\"status\":\"ok\",\"message\":\"welcome !\",\"data\":{\"access_token\":\"eyJ0eXAiOiJKV1QiLCJhbGciOiJIUzI1NiJ9.eyJ1aWQiOjIsInVkaWQiOjEsImlhdCI6MTU4ODYxNjY2NCwiZXhwIjoxNTg4NzAzMDY0fQ.PH6guw03emVD75VilikeiC5eIkdit276KyfmTHcPvOs\",\"is_pin\":false}}', 'api/v1/signin', '127.0.0.1', '2020-05-05 01:24:24', '2020-05-05 01:24:24');
INSERT INTO `log_request_response` VALUES (45, '{\"authorization\":[\"Bearer eyJ0eXAiOiJKV1QiLCJhbGciOiJIUzI1NiJ9.eyJ1aWQiOjIsInVkaWQiOjEsImlhdCI6MTU4ODYxNjY2NCwiZXhwIjoxNTg4NzAzMDY0fQ.PH6guw03emVD75VilikeiC5eIkdit276KyfmTHcPvOs\"],\"x-api-key\":[\"ykRNP0wziQLCoC64NLpl\"],\"user-agent\":[\"PostmanRuntime\\/7.24.1\"],\"accept\":[\"*\\/*\"],\"postman-token\":[\"8cca8273-ed77-4921-a20e-34812029bf19\"],\"host\":[\"www.tpacare.local\"],\"accept-encoding\":[\"gzip, deflate, br\"],\"connection\":[\"keep-alive\"],\"content-type\":[\"multipart\\/form-data; boundary=--------------------------667759949653724664837881\"],\"content-length\":[\"276\"]}', '{\"pin\":\"123456\",\"pinconf\":\"123456\"}', 'HTTP/1.1 200 OK\r\nCache-Control:         no-cache, private\r\nContent-Type:          application/json\r\nDate:                  Mon, 04 May 2020 18:24:58 GMT\r\nX-Ratelimit-Limit:     60\r\nX-Ratelimit-Remaining: 57\r\n\r\n{\"status\":\"ok\",\"message\":\"Success !\"}', 'api/v1/setpin', '127.0.0.1', '2020-05-05 01:24:58', '2020-05-05 01:24:58');
INSERT INTO `log_request_response` VALUES (46, '{\"authorization\":[\"Bearer eyJ0eXAiOiJKV1QiLCJhbGciOiJIUzI1NiJ9.eyJ1aWQiOjIsInVkaWQiOjEsImlhdCI6MTU4ODYxNjY2NCwiZXhwIjoxNTg4NzAzMDY0fQ.PH6guw03emVD75VilikeiC5eIkdit276KyfmTHcPvOs\"],\"x-api-key\":[\"ykRNP0wziQLCoC64NLpl\"],\"user-agent\":[\"PostmanRuntime\\/7.24.1\"],\"accept\":[\"*\\/*\"],\"postman-token\":[\"fbfdab2d-fdfc-46f5-a3d8-6ebb4a324f93\"],\"host\":[\"www.tpacare.local\"],\"accept-encoding\":[\"gzip, deflate, br\"],\"connection\":[\"keep-alive\"],\"content-type\":[\"multipart\\/form-data; boundary=--------------------------651078908230816914469387\"],\"content-length\":[\"270\"]}', '{\"pin\":null,\"pinconf\":\"123456\"}', 'HTTP/1.1 500 Internal Server Error\r\nCache-Control:         no-cache, private\r\nContent-Type:          application/json\r\nDate:                  Mon, 04 May 2020 18:26:49 GMT\r\nX-Ratelimit-Limit:     60\r\nX-Ratelimit-Remaining: 59\r\n\r\n{\"status\":\"error\",\"message\":\"The pin field is required.\",\"messages\":[\"The pin field is required.\"]}', 'api/v1/setpin', '127.0.0.1', '2020-05-05 01:26:49', '2020-05-05 01:26:49');
INSERT INTO `log_request_response` VALUES (47, '{\"authorization\":[\"Bearer eyJ0eXAiOiJKV1QiLCJhbGciOiJIUzI1NiJ9.eyJ1aWQiOjIsInVkaWQiOjEsImlhdCI6MTU4ODYxNjY2NCwiZXhwIjoxNTg4NzAzMDY0fQ.PH6guw03emVD75VilikeiC5eIkdit276KyfmTHcPvOs\"],\"x-api-key\":[\"ykRNP0wziQLCoC64NLpl\"],\"user-agent\":[\"PostmanRuntime\\/7.24.1\"],\"accept\":[\"*\\/*\"],\"postman-token\":[\"403e8a66-9fe7-4460-ace7-7732231aaeea\"],\"host\":[\"www.tpacare.local\"],\"accept-encoding\":[\"gzip, deflate, br\"],\"connection\":[\"keep-alive\"],\"content-type\":[\"multipart\\/form-data; boundary=--------------------------111804308951348659919967\"],\"content-length\":[\"270\"]}', '{\"pin\":\"123456\",\"pinconf\":null}', 'HTTP/1.1 500 Internal Server Error\r\nCache-Control:         no-cache, private\r\nContent-Type:          application/json\r\nDate:                  Mon, 04 May 2020 18:27:07 GMT\r\nX-Ratelimit-Limit:     60\r\nX-Ratelimit-Remaining: 58\r\n\r\n{\"status\":\"error\",\"message\":\"The pin and pinconf must match.; The pinconf field is required.\",\"messages\":[\"The pin and pinconf must match.\",\"The pinconf field is required.\"]}', 'api/v1/setpin', '127.0.0.1', '2020-05-05 01:27:07', '2020-05-05 01:27:07');
INSERT INTO `log_request_response` VALUES (48, '{\"authorization\":[\"Bearer eyJ0eXAiOiJKV1QiLCJhbGciOiJIUzI1NiJ9.eyJ1aWQiOjIsInVkaWQiOjEsImlhdCI6MTU4ODYxNjY2NCwiZXhwIjoxNTg4NzAzMDY0fQ.PH6guw03emVD75VilikeiC5eIkdit276KyfmTHcPvOs\"],\"x-api-key\":[\"ykRNP0wziQLCoC64NLpl\"],\"user-agent\":[\"PostmanRuntime\\/7.24.1\"],\"accept\":[\"*\\/*\"],\"postman-token\":[\"daa57fdd-1885-41d6-84ed-9e76dbb916fd\"],\"host\":[\"www.tpacare.local\"],\"accept-encoding\":[\"gzip, deflate, br\"],\"connection\":[\"keep-alive\"],\"content-type\":[\"multipart\\/form-data; boundary=--------------------------461111256518420744749102\"],\"content-length\":[\"276\"]}', '{\"pin\":\"123456\",\"pinconf\":\"123456\"}', 'HTTP/1.1 200 OK\r\nCache-Control:         no-cache, private\r\nContent-Type:          application/json\r\nDate:                  Mon, 04 May 2020 18:27:21 GMT\r\nX-Ratelimit-Limit:     60\r\nX-Ratelimit-Remaining: 57\r\n\r\n{\"status\":\"ok\",\"message\":\"Success !\"}', 'api/v1/setpin', '127.0.0.1', '2020-05-05 01:27:21', '2020-05-05 01:27:21');
INSERT INTO `log_request_response` VALUES (49, '{\"x-api-key\":[\"ykRNP0wziQLCoC64NLpl\"],\"user-agent\":[\"PostmanRuntime\\/7.24.1\"],\"accept\":[\"*\\/*\"],\"postman-token\":[\"0c62e5d6-5268-4f5b-943a-cc02cbbdc8dd\"],\"host\":[\"www.tpacare.local\"],\"accept-encoding\":[\"gzip, deflate, br\"],\"connection\":[\"keep-alive\"],\"content-type\":[\"multipart\\/form-data; boundary=--------------------------166049138784317142496323\"],\"content-length\":[\"511\"]}', '{\"username\":\"ddddd\",\"password\":\"123456\",\"device_token\":\"xxxxxx\",\"device_type\":\"ios\"}', 'HTTP/1.1 200 OK\r\nCache-Control:         no-cache, private\r\nContent-Type:          application/json\r\nDate:                  Mon, 04 May 2020 18:27:45 GMT\r\nX-Ratelimit-Limit:     60\r\nX-Ratelimit-Remaining: 56\r\n\r\n{\"status\":\"ok\",\"message\":\"welcome !\",\"data\":{\"access_token\":\"eyJ0eXAiOiJKV1QiLCJhbGciOiJIUzI1NiJ9.eyJ1aWQiOjIsInVkaWQiOjEsImlhdCI6MTU4ODYxNjg2NSwiZXhwIjoxNTg4NzAzMjY1fQ.3M83LRWyPKlp959z8idYR4oO4wwqTCY7Lt5XGJHjdp0\",\"is_pin\":true}}', 'api/v1/signin', '127.0.0.1', '2020-05-05 01:27:45', '2020-05-05 01:27:45');
INSERT INTO `log_request_response` VALUES (50, '{\"x-api-key\":[\"ykRNP0wziQLCoC64NLpl\"],\"user-agent\":[\"PostmanRuntime\\/7.24.1\"],\"accept\":[\"*\\/*\"],\"postman-token\":[\"ed62542f-841b-4114-a2ce-07882e6f8122\"],\"host\":[\"www.tpacare.local\"],\"accept-encoding\":[\"gzip, deflate, br\"],\"connection\":[\"keep-alive\"]}', '[]', 'HTTP/1.1 401 Unauthorized\r\nCache-Control:         no-cache, private\r\nContent-Type:          application/json\r\nDate:                  Mon, 04 May 2020 18:38:46 GMT\r\nX-Ratelimit-Limit:     60\r\nX-Ratelimit-Remaining: 59\r\n\r\n{\"status\":\"error\",\"message\":\"Token not provided.\"}', 'api/v1/profile', '127.0.0.1', '2020-05-05 01:38:46', '2020-05-05 01:38:46');
INSERT INTO `log_request_response` VALUES (51, '{\"x-api-key\":[\"ykRNP0wziQLCoC64NLpl\"],\"user-agent\":[\"PostmanRuntime\\/7.24.1\"],\"accept\":[\"*\\/*\"],\"postman-token\":[\"4ae40da7-d066-4ecb-bf13-97067493ef83\"],\"host\":[\"www.tpacare.local\"],\"accept-encoding\":[\"gzip, deflate, br\"],\"connection\":[\"keep-alive\"],\"content-type\":[\"multipart\\/form-data; boundary=--------------------------358066751914202040377382\"],\"content-length\":[\"511\"]}', '{\"username\":\"ddddd\",\"password\":\"123456\",\"device_token\":\"xxxxxx\",\"device_type\":\"ios\"}', 'HTTP/1.1 200 OK\r\nCache-Control:         no-cache, private\r\nContent-Type:          application/json\r\nDate:                  Mon, 04 May 2020 18:39:02 GMT\r\nX-Ratelimit-Limit:     60\r\nX-Ratelimit-Remaining: 58\r\n\r\n{\"status\":\"ok\",\"message\":\"Success !\",\"data\":{\"access_token\":\"eyJ0eXAiOiJKV1QiLCJhbGciOiJIUzI1NiJ9.eyJ1aWQiOjIsInVkaWQiOjEsImlhdCI6MTU4ODYxNzU0MiwiZXhwIjoxNTg4NzAzOTQyfQ.9JW2R6AHVyYMAt8RVy_E1C4Rcli3tRQSIHklZBzEWHM\",\"is_pin\":true}}', 'api/v1/signin', '127.0.0.1', '2020-05-05 01:39:02', '2020-05-05 01:39:02');
INSERT INTO `log_request_response` VALUES (52, '{\"authorization\":[\"Bearer eyJ0eXAiOiJKV1QiLCJhbGciOiJIUzI1NiJ9.eyJ1aWQiOjIsInVkaWQiOjEsImlhdCI6MTU4ODYxNzU0MiwiZXhwIjoxNTg4NzAzOTQyfQ.9JW2R6AHVyYMAt8RVy_E1C4Rcli3tRQSIHklZBzEWHM\"],\"x-api-key\":[\"ykRNP0wziQLCoC64NLpl\"],\"user-agent\":[\"PostmanRuntime\\/7.24.1\"],\"accept\":[\"*\\/*\"],\"postman-token\":[\"0d0c4467-1f6f-43c7-97c9-3099fa1c1156\"],\"host\":[\"www.tpacare.local\"],\"accept-encoding\":[\"gzip, deflate, br\"],\"connection\":[\"keep-alive\"]}', '[]', 'HTTP/1.1 200 OK\r\nCache-Control:         no-cache, private\r\nContent-Type:          application/json\r\nDate:                  Mon, 04 May 2020 18:39:43 GMT\r\nX-Ratelimit-Limit:     60\r\nX-Ratelimit-Remaining: 57\r\n\r\n{\"status\":\"ok\",\"message\":\"Success !\",\"data\":{\"username\":\"ddddd\",\"name\":\"Sakda\",\"surname\":\"Srijumpa\",\"mobile\":\"0890535589\"}}', 'api/v1/profile', '127.0.0.1', '2020-05-05 01:39:43', '2020-05-05 01:39:43');
INSERT INTO `log_request_response` VALUES (53, '{\"authorization\":[\"Bearer eyJ0eXAiOiJKV1QiLCJhbGciOiJIUzI1NiJ9.eyJ1aWQiOjIsInVkaWQiOjEsImlhdCI6MTU4ODYxNzU0MiwiZXhwIjoxNTg4NzAzOTQyfQ.9JW2R6AHVyYMAt8RVy_E1C4Rcli3tRQSIHklZBzEWHM\"],\"x-api-key\":[\"ykRNP0wziQLCoC64NLpl\"],\"user-agent\":[\"PostmanRuntime\\/7.24.1\"],\"accept\":[\"*\\/*\"],\"postman-token\":[\"adbe8f75-1cbb-4ab3-8d48-d4df165e0372\"],\"host\":[\"www.tpacare.local\"],\"accept-encoding\":[\"gzip, deflate, br\"],\"connection\":[\"keep-alive\"]}', '[]', 'HTTP/1.1 200 OK\r\nCache-Control:         no-cache, private\r\nContent-Type:          application/json\r\nDate:                  Mon, 04 May 2020 19:02:58 GMT\r\nX-Ratelimit-Limit:     60\r\nX-Ratelimit-Remaining: 59\r\n\r\n{\"status\":\"ok\",\"message\":\"Success !\",\"data\":{\"username\":\"ddddd\",\"name\":\"Sakda\",\"surname\":\"Srijumpa\",\"mobile\":\"0890535589\"}}', 'api/v1/profile', '127.0.0.1', '2020-05-05 02:02:58', '2020-05-05 02:02:58');
INSERT INTO `log_request_response` VALUES (54, '{\"authorization\":[\"Bearer eyJ0eXAiOiJKV1QiLCJhbGciOiJIUzI1NiJ9.eyJ1aWQiOjIsInVkaWQiOjEsImlhdCI6MTU4ODYxNzU0MiwiZXhwIjoxNTg4NzAzOTQyfQ.9JW2R6AHVyYMAt8RVy_E1C4Rcli3tRQSIHklZBzEWHM\"],\"x-api-key\":[\"ykRNP0wziQLCoC64NLpl\"],\"user-agent\":[\"PostmanRuntime\\/7.24.1\"],\"accept\":[\"*\\/*\"],\"postman-token\":[\"b14dfd36-aa3f-40c9-8aa9-4c61703d66b9\"],\"host\":[\"www.tpacare.local\"],\"accept-encoding\":[\"gzip, deflate, br\"],\"connection\":[\"keep-alive\"]}', '[]', 'HTTP/1.1 200 OK\r\nCache-Control:         no-cache, private\r\nContent-Type:          application/json\r\nDate:                  Mon, 04 May 2020 19:03:09 GMT\r\nX-Ratelimit-Limit:     60\r\nX-Ratelimit-Remaining: 58\r\n\r\n{\"status\":\"ok\",\"message\":\"Success !\",\"data\":{\"username\":\"ddddd\",\"name\":\"Sakda\",\"surname\":\"Srijumpa\",\"mobile\":\"0890535589\"}}', 'api/v1/profile', '127.0.0.1', '2020-05-05 02:03:09', '2020-05-05 02:03:09');
INSERT INTO `log_request_response` VALUES (55, '{\"authorization\":[\"Bearer eyJ0eXAiOiJKV1QiLCJhbGciOiJIUzI1NiJ9.eyJ1aWQiOjIsInVkaWQiOjEsImlhdCI6MTU4ODYxNzU0MiwiZXhwIjoxNTg4NzAzOTQyfQ.9JW2R6AHVyYMAt8RVy_E1C4Rcli3tRQSIHklZBzEWHM\"],\"x-api-key\":[\"ykRNP0wziQLCoC64NLpl\"],\"user-agent\":[\"PostmanRuntime\\/7.24.1\"],\"accept\":[\"*\\/*\"],\"postman-token\":[\"2fcbd5c2-6cc1-46fa-aade-c7a708e6680a\"],\"host\":[\"www.tpacare.local\"],\"accept-encoding\":[\"gzip, deflate, br\"],\"connection\":[\"keep-alive\"]}', '[]', 'HTTP/1.1 200 OK\r\nCache-Control:         no-cache, private\r\nContent-Type:          application/json\r\nDate:                  Mon, 04 May 2020 19:03:11 GMT\r\nX-Ratelimit-Limit:     60\r\nX-Ratelimit-Remaining: 57\r\n\r\n{\"status\":\"ok\",\"message\":\"Success !\",\"data\":{\"username\":\"ddddd\",\"name\":\"Sakda\",\"surname\":\"Srijumpa\",\"mobile\":\"0890535589\"}}', 'api/v1/profile', '127.0.0.1', '2020-05-05 02:03:11', '2020-05-05 02:03:11');
INSERT INTO `log_request_response` VALUES (56, '{\"authorization\":[\"Bearer eyJ0eXAiOiJKV1QiLCJhbGciOiJIUzI1NiJ9.eyJ1aWQiOjIsInVkaWQiOjEsImlhdCI6MTU4ODYxNzU0MiwiZXhwIjoxNTg4NzAzOTQyfQ.9JW2R6AHVyYMAt8RVy_E1C4Rcli3tRQSIHklZBzEWHM\"],\"x-api-key\":[\"ykRNP0wziQLCoC64NLpl\"],\"user-agent\":[\"PostmanRuntime\\/7.24.1\"],\"accept\":[\"*\\/*\"],\"postman-token\":[\"89df0514-433f-4e15-8fbf-8065862d64ef\"],\"host\":[\"www.tpacare.local\"],\"accept-encoding\":[\"gzip, deflate, br\"],\"connection\":[\"keep-alive\"]}', '[]', 'HTTP/1.1 200 OK\r\nCache-Control:         no-cache, private\r\nContent-Type:          application/json\r\nDate:                  Mon, 04 May 2020 19:03:12 GMT\r\nX-Ratelimit-Limit:     60\r\nX-Ratelimit-Remaining: 56\r\n\r\n{\"status\":\"ok\",\"message\":\"Success !\",\"data\":{\"username\":\"ddddd\",\"name\":\"Sakda\",\"surname\":\"Srijumpa\",\"mobile\":\"0890535589\"}}', 'api/v1/profile', '127.0.0.1', '2020-05-05 02:03:12', '2020-05-05 02:03:12');
INSERT INTO `log_request_response` VALUES (57, '{\"authorization\":[\"Bearer eyJ0eXAiOiJKV1QiLCJhbGciOiJIUzI1NiJ9.eyJ1aWQiOjIsInVkaWQiOjEsImlhdCI6MTU4ODYxNzU0MiwiZXhwIjoxNTg4NzAzOTQyfQ.9JW2R6AHVyYMAt8RVy_E1C4Rcli3tRQSIHklZBzEWHM\"],\"x-api-key\":[\"ykRNP0wziQLCoC64NLpl\"],\"user-agent\":[\"PostmanRuntime\\/7.24.1\"],\"accept\":[\"*\\/*\"],\"postman-token\":[\"aff8df2b-3d28-4c3a-b480-380c355a8442\"],\"host\":[\"www.tpacare.local\"],\"accept-encoding\":[\"gzip, deflate, br\"],\"connection\":[\"keep-alive\"]}', '[]', 'HTTP/1.1 200 OK\r\nCache-Control:         no-cache, private\r\nContent-Type:          application/json\r\nDate:                  Mon, 04 May 2020 19:03:16 GMT\r\nX-Ratelimit-Limit:     60\r\nX-Ratelimit-Remaining: 55\r\n\r\n{\"status\":\"ok\",\"message\":\"Success !\",\"data\":{\"username\":\"ddddd\",\"name\":\"Sakda\",\"surname\":\"Srijumpa\",\"mobile\":\"0890535589\"}}', 'api/v1/profile', '127.0.0.1', '2020-05-05 02:03:16', '2020-05-05 02:03:16');
INSERT INTO `log_request_response` VALUES (58, '{\"authorization\":[\"Bearer eyJ0eXAiOiJKV1QiLCJhbGciOiJIUzI1NiJ9.eyJ1aWQiOjIsInVkaWQiOjEsImlhdCI6MTU4ODYxNzU0MiwiZXhwIjoxNTg4NzAzOTQyfQ.9JW2R6AHVyYMAt8RVy_E1C4Rcli3tRQSIHklZBzEWHM\"],\"x-api-key\":[\"ykRNP0wziQLCoC64NLpl\"],\"user-agent\":[\"PostmanRuntime\\/7.24.1\"],\"accept\":[\"*\\/*\"],\"postman-token\":[\"239f1eed-14f0-4f5d-9349-95f9b94d19c1\"],\"host\":[\"www.tpacare.local\"],\"accept-encoding\":[\"gzip, deflate, br\"],\"connection\":[\"keep-alive\"]}', '[]', 'HTTP/1.1 200 OK\r\nCache-Control:         no-cache, private\r\nContent-Type:          application/json\r\nDate:                  Mon, 04 May 2020 19:03:17 GMT\r\nX-Ratelimit-Limit:     60\r\nX-Ratelimit-Remaining: 54\r\n\r\n{\"status\":\"ok\",\"message\":\"Success !\",\"data\":{\"username\":\"ddddd\",\"name\":\"Sakda\",\"surname\":\"Srijumpa\",\"mobile\":\"0890535589\"}}', 'api/v1/profile', '127.0.0.1', '2020-05-05 02:03:17', '2020-05-05 02:03:17');
INSERT INTO `log_request_response` VALUES (59, '{\"authorization\":[\"Bearer eyJ0eXAiOiJKV1QiLCJhbGciOiJIUzI1NiJ9.eyJ1aWQiOjIsInVkaWQiOjEsImlhdCI6MTU4ODYxNzU0MiwiZXhwIjoxNTg4NzAzOTQyfQ.9JW2R6AHVyYMAt8RVy_E1C4Rcli3tRQSIHklZBzEWHM\"],\"x-api-key\":[\"ykRNP0wziQLCoC64NLpl\"],\"user-agent\":[\"PostmanRuntime\\/7.24.1\"],\"accept\":[\"*\\/*\"],\"postman-token\":[\"e9b81e4e-a463-4ff7-bc0d-98c0a9824976\"],\"host\":[\"www.tpacare.local\"],\"accept-encoding\":[\"gzip, deflate, br\"],\"connection\":[\"keep-alive\"]}', '[]', 'HTTP/1.1 200 OK\r\nCache-Control:         no-cache, private\r\nContent-Type:          application/json\r\nDate:                  Mon, 04 May 2020 19:03:18 GMT\r\nX-Ratelimit-Limit:     60\r\nX-Ratelimit-Remaining: 53\r\n\r\n{\"status\":\"ok\",\"message\":\"Success !\",\"data\":{\"username\":\"ddddd\",\"name\":\"Sakda\",\"surname\":\"Srijumpa\",\"mobile\":\"0890535589\"}}', 'api/v1/profile', '127.0.0.1', '2020-05-05 02:03:18', '2020-05-05 02:03:18');
INSERT INTO `log_request_response` VALUES (60, '{\"authorization\":[\"Bearer eyJ0eXAiOiJKV1QiLCJhbGciOiJIUzI1NiJ9.eyJ1aWQiOjIsInVkaWQiOjEsImlhdCI6MTU4ODYxNzU0MiwiZXhwIjoxNTg4NzAzOTQyfQ.9JW2R6AHVyYMAt8RVy_E1C4Rcli3tRQSIHklZBzEWHM\"],\"x-api-key\":[\"ykRNP0wziQLCoC64NLpl\"],\"user-agent\":[\"PostmanRuntime\\/7.24.1\"],\"accept\":[\"*\\/*\"],\"postman-token\":[\"5d1f2065-6e0b-48e8-ae3c-d5490354859e\"],\"host\":[\"www.tpacare.local\"],\"accept-encoding\":[\"gzip, deflate, br\"],\"connection\":[\"keep-alive\"]}', '[]', 'HTTP/1.1 200 OK\r\nCache-Control:         no-cache, private\r\nContent-Type:          application/json\r\nDate:                  Mon, 04 May 2020 19:03:20 GMT\r\nX-Ratelimit-Limit:     60\r\nX-Ratelimit-Remaining: 52\r\n\r\n{\"status\":\"ok\",\"message\":\"Success !\",\"data\":{\"username\":\"ddddd\",\"name\":\"Sakda\",\"surname\":\"Srijumpa\",\"mobile\":\"0890535589\"}}', 'api/v1/profile', '127.0.0.1', '2020-05-05 02:03:20', '2020-05-05 02:03:20');
INSERT INTO `log_request_response` VALUES (61, '{\"authorization\":[\"Bearer eyJ0eXAiOiJKV1QiLCJhbGciOiJIUzI1NiJ9.eyJ1aWQiOjIsInVkaWQiOjEsImlhdCI6MTU4ODYxNzU0MiwiZXhwIjoxNTg4NzAzOTQyfQ.9JW2R6AHVyYMAt8RVy_E1C4Rcli3tRQSIHklZBzEWHM\"],\"x-api-key\":[\"ykRNP0wziQLCoC64NLpl\"],\"user-agent\":[\"PostmanRuntime\\/7.24.1\"],\"accept\":[\"*\\/*\"],\"postman-token\":[\"01f644b6-a606-4da3-b8b7-018ed43def77\"],\"host\":[\"www.tpacare.local\"],\"accept-encoding\":[\"gzip, deflate, br\"],\"connection\":[\"keep-alive\"]}', '[]', 'HTTP/1.1 200 OK\r\nCache-Control:         no-cache, private\r\nContent-Type:          application/json\r\nDate:                  Mon, 04 May 2020 19:03:21 GMT\r\nX-Ratelimit-Limit:     60\r\nX-Ratelimit-Remaining: 51\r\n\r\n{\"status\":\"ok\",\"message\":\"Success !\",\"data\":{\"username\":\"ddddd\",\"name\":\"Sakda\",\"surname\":\"Srijumpa\",\"mobile\":\"0890535589\"}}', 'api/v1/profile', '127.0.0.1', '2020-05-05 02:03:21', '2020-05-05 02:03:21');
INSERT INTO `log_request_response` VALUES (62, '{\"authorization\":[\"Bearer eyJ0eXAiOiJKV1QiLCJhbGciOiJIUzI1NiJ9.eyJ1aWQiOjIsInVkaWQiOjEsImlhdCI6MTU4ODYxNzU0MiwiZXhwIjoxNTg4NzAzOTQyfQ.9JW2R6AHVyYMAt8RVy_E1C4Rcli3tRQSIHklZBzEWHM\"],\"x-api-key\":[\"ykRNP0wziQLCoC64NLpl\"],\"user-agent\":[\"PostmanRuntime\\/7.24.1\"],\"accept\":[\"*\\/*\"],\"postman-token\":[\"0617265e-71a8-48ba-b3db-b82731de7a5a\"],\"host\":[\"www.tpacare.local\"],\"accept-encoding\":[\"gzip, deflate, br\"],\"connection\":[\"keep-alive\"]}', '[]', 'HTTP/1.1 200 OK\r\nCache-Control:         no-cache, private\r\nContent-Type:          application/json\r\nDate:                  Mon, 04 May 2020 19:03:22 GMT\r\nX-Ratelimit-Limit:     60\r\nX-Ratelimit-Remaining: 50\r\n\r\n{\"status\":\"ok\",\"message\":\"Success !\",\"data\":{\"username\":\"ddddd\",\"name\":\"Sakda\",\"surname\":\"Srijumpa\",\"mobile\":\"0890535589\"}}', 'api/v1/profile', '127.0.0.1', '2020-05-05 02:03:22', '2020-05-05 02:03:22');
INSERT INTO `log_request_response` VALUES (63, '{\"authorization\":[\"Bearer eyJ0eXAiOiJKV1QiLCJhbGciOiJIUzI1NiJ9.eyJ1aWQiOjIsInVkaWQiOjEsImlhdCI6MTU4ODYxNzU0MiwiZXhwIjoxNTg4NzAzOTQyfQ.9JW2R6AHVyYMAt8RVy_E1C4Rcli3tRQSIHklZBzEWHM\"],\"x-api-key\":[\"ykRNP0wziQLCoC64NLpl\"],\"user-agent\":[\"PostmanRuntime\\/7.24.1\"],\"accept\":[\"*\\/*\"],\"postman-token\":[\"35052320-8b77-4a47-b6e1-b1a11403d411\"],\"host\":[\"www.tpacare.local\"],\"accept-encoding\":[\"gzip, deflate, br\"],\"connection\":[\"keep-alive\"]}', '[]', 'HTTP/1.1 200 OK\r\nCache-Control:         no-cache, private\r\nContent-Type:          application/json\r\nDate:                  Mon, 04 May 2020 19:03:24 GMT\r\nX-Ratelimit-Limit:     60\r\nX-Ratelimit-Remaining: 49\r\n\r\n{\"status\":\"ok\",\"message\":\"Success !\",\"data\":{\"username\":\"ddddd\",\"name\":\"Sakda\",\"surname\":\"Srijumpa\",\"mobile\":\"0890535589\"}}', 'api/v1/profile', '127.0.0.1', '2020-05-05 02:03:24', '2020-05-05 02:03:24');
INSERT INTO `log_request_response` VALUES (64, '{\"authorization\":[\"Bearer eyJ0eXAiOiJKV1QiLCJhbGciOiJIUzI1NiJ9.eyJ1aWQiOjIsInVkaWQiOjEsImlhdCI6MTU4ODYxNzU0MiwiZXhwIjoxNTg4NzAzOTQyfQ.9JW2R6AHVyYMAt8RVy_E1C4Rcli3tRQSIHklZBzEWHM\"],\"x-api-key\":[\"ykRNP0wziQLCoC64NLpl\"],\"user-agent\":[\"PostmanRuntime\\/7.24.1\"],\"accept\":[\"*\\/*\"],\"postman-token\":[\"ed3e2590-b330-434e-885a-4d4b8d689f52\"],\"host\":[\"www.tpacare.local\"],\"accept-encoding\":[\"gzip, deflate, br\"],\"connection\":[\"keep-alive\"],\"content-type\":[\"multipart\\/form-data; boundary=--------------------------838374923350510032168522\"],\"content-length\":[\"393\"]}', '{\"name\":\"Sakda\",\"surname\":\"Srijumpa\",\"mobile\":\"0861124455\"}', 'HTTP/1.1 200 OK\r\nCache-Control:         no-cache, private\r\nContent-Type:          application/json\r\nDate:                  Mon, 04 May 2020 19:08:43 GMT\r\nX-Ratelimit-Limit:     60\r\nX-Ratelimit-Remaining: 59\r\n\r\n{\"status\":\"ok\",\"otp\":\"395649\"}', 'api/v1/profile/sendotp', '127.0.0.1', '2020-05-05 02:08:43', '2020-05-05 02:08:43');
INSERT INTO `log_request_response` VALUES (65, '{\"authorization\":[\"Bearer eyJ0eXAiOiJKV1QiLCJhbGciOiJIUzI1NiJ9.eyJ1aWQiOjIsInVkaWQiOjEsImlhdCI6MTU4ODYxNzU0MiwiZXhwIjoxNTg4NzAzOTQyfQ.9JW2R6AHVyYMAt8RVy_E1C4Rcli3tRQSIHklZBzEWHM\"],\"x-api-key\":[\"ykRNP0wziQLCoC64NLpl\"],\"user-agent\":[\"PostmanRuntime\\/7.24.1\"],\"accept\":[\"*\\/*\"],\"postman-token\":[\"59968b61-83ec-4596-954e-7d23b1b49697\"],\"host\":[\"www.tpacare.local\"],\"accept-encoding\":[\"gzip, deflate, br\"],\"connection\":[\"keep-alive\"],\"content-type\":[\"multipart\\/form-data; boundary=--------------------------923194586407222925879101\"],\"content-length\":[\"393\"]}', '{\"name\":\"Sakda\",\"surname\":\"Srijumpa\",\"mobile\":\"0861124455\"}', 'HTTP/1.1 200 OK\r\nCache-Control:         no-cache, private\r\nContent-Type:          application/json\r\nDate:                  Mon, 04 May 2020 19:08:52 GMT\r\nX-Ratelimit-Limit:     60\r\nX-Ratelimit-Remaining: 58\r\n\r\n{\"status\":\"ok\",\"otp\":\"389035\"}', 'api/v1/profile/sendotp', '127.0.0.1', '2020-05-05 02:08:52', '2020-05-05 02:08:52');
INSERT INTO `log_request_response` VALUES (66, '{\"authorization\":[\"Bearer eyJ0eXAiOiJKV1QiLCJhbGciOiJIUzI1NiJ9.eyJ1aWQiOjIsInVkaWQiOjEsImlhdCI6MTU4ODYxNzU0MiwiZXhwIjoxNTg4NzAzOTQyfQ.9JW2R6AHVyYMAt8RVy_E1C4Rcli3tRQSIHklZBzEWHM\"],\"x-api-key\":[\"ykRNP0wziQLCoC64NLpl\"],\"user-agent\":[\"PostmanRuntime\\/7.24.1\"],\"accept\":[\"*\\/*\"],\"postman-token\":[\"bb0b8318-88d8-4cab-ae33-c67e750a653e\"],\"host\":[\"www.tpacare.local\"],\"accept-encoding\":[\"gzip, deflate, br\"],\"connection\":[\"keep-alive\"],\"content-type\":[\"multipart\\/form-data; boundary=--------------------------567643649949439098510596\"],\"content-length\":[\"393\"]}', '{\"name\":\"Sakda\",\"surname\":\"Srijumpa\",\"mobile\":\"0861124455\"}', 'HTTP/1.1 200 OK\r\nCache-Control:         no-cache, private\r\nContent-Type:          application/json\r\nDate:                  Mon, 04 May 2020 19:12:20 GMT\r\nX-Ratelimit-Limit:     60\r\nX-Ratelimit-Remaining: 59\r\n\r\n{\"status\":\"ok\",\"otp\":\"052795\"}', 'api/v1/profile/sendotp', '127.0.0.1', '2020-05-05 02:12:20', '2020-05-05 02:12:20');
INSERT INTO `log_request_response` VALUES (67, '{\"authorization\":[\"Bearer eyJ0eXAiOiJKV1QiLCJhbGciOiJIUzI1NiJ9.eyJ1aWQiOjIsInVkaWQiOjEsImlhdCI6MTU4ODYxNzU0MiwiZXhwIjoxNTg4NzAzOTQyfQ.9JW2R6AHVyYMAt8RVy_E1C4Rcli3tRQSIHklZBzEWHM\"],\"x-api-key\":[\"ykRNP0wziQLCoC64NLpl\"],\"user-agent\":[\"PostmanRuntime\\/7.24.1\"],\"accept\":[\"*\\/*\"],\"postman-token\":[\"d95b949e-7648-4170-b5e2-00d71ea838f5\"],\"host\":[\"www.tpacare.local\"],\"accept-encoding\":[\"gzip, deflate, br\"],\"connection\":[\"keep-alive\"],\"content-type\":[\"multipart\\/form-data; boundary=--------------------------027628220588438382157547\"],\"content-length\":[\"393\"]}', '{\"name\":\"Sakda\",\"surname\":\"Srijumpa\",\"mobile\":\"0861124455\"}', 'HTTP/1.1 200 OK\r\nCache-Control:         no-cache, private\r\nContent-Type:          application/json\r\nDate:                  Mon, 04 May 2020 19:12:22 GMT\r\nX-Ratelimit-Limit:     60\r\nX-Ratelimit-Remaining: 58\r\n\r\n{\"status\":\"ok\",\"otp\":\"885437\"}', 'api/v1/profile/sendotp', '127.0.0.1', '2020-05-05 02:12:22', '2020-05-05 02:12:22');
INSERT INTO `log_request_response` VALUES (68, '{\"authorization\":[\"Bearer eyJ0eXAiOiJKV1QiLCJhbGciOiJIUzI1NiJ9.eyJ1aWQiOjIsInVkaWQiOjEsImlhdCI6MTU4ODYxNzU0MiwiZXhwIjoxNTg4NzAzOTQyfQ.9JW2R6AHVyYMAt8RVy_E1C4Rcli3tRQSIHklZBzEWHM\"],\"x-api-key\":[\"ykRNP0wziQLCoC64NLpl\"],\"user-agent\":[\"PostmanRuntime\\/7.24.1\"],\"accept\":[\"*\\/*\"],\"postman-token\":[\"21aab147-cbcc-4689-ba1f-b0b6fcbda8d7\"],\"host\":[\"www.tpacare.local\"],\"accept-encoding\":[\"gzip, deflate, br\"],\"connection\":[\"keep-alive\"],\"content-type\":[\"multipart\\/form-data; boundary=--------------------------547886901453850412588521\"],\"content-length\":[\"393\"]}', '{\"name\":\"Sakda\",\"surname\":\"Srijumpa\",\"mobile\":\"0861124455\"}', 'HTTP/1.1 200 OK\r\nCache-Control:         no-cache, private\r\nContent-Type:          application/json\r\nDate:                  Mon, 04 May 2020 19:12:26 GMT\r\nX-Ratelimit-Limit:     60\r\nX-Ratelimit-Remaining: 57\r\n\r\n{\"status\":\"ok\",\"otp\":\"639751\"}', 'api/v1/profile/sendotp', '127.0.0.1', '2020-05-05 02:12:26', '2020-05-05 02:12:26');
INSERT INTO `log_request_response` VALUES (69, '{\"authorization\":[\"Bearer eyJ0eXAiOiJKV1QiLCJhbGciOiJIUzI1NiJ9.eyJ1aWQiOjIsInVkaWQiOjEsImlhdCI6MTU4ODYxNzU0MiwiZXhwIjoxNTg4NzAzOTQyfQ.9JW2R6AHVyYMAt8RVy_E1C4Rcli3tRQSIHklZBzEWHM\"],\"x-api-key\":[\"ykRNP0wziQLCoC64NLpl\"],\"user-agent\":[\"PostmanRuntime\\/7.24.1\"],\"accept\":[\"*\\/*\"],\"postman-token\":[\"fbf262e1-7371-4537-af8e-c63c86bb9cbe\"],\"host\":[\"www.tpacare.local\"],\"accept-encoding\":[\"gzip, deflate, br\"],\"connection\":[\"keep-alive\"],\"content-type\":[\"multipart\\/form-data; boundary=--------------------------579020606800677579613903\"],\"content-length\":[\"393\"]}', '{\"name\":\"Sakda\",\"surname\":\"Srijumpa\",\"mobile\":\"0861124455\"}', 'HTTP/1.1 200 OK\r\nCache-Control:         no-cache, private\r\nContent-Type:          application/json\r\nDate:                  Mon, 04 May 2020 19:13:50 GMT\r\nX-Ratelimit-Limit:     60\r\nX-Ratelimit-Remaining: 59\r\n\r\n{\"status\":\"ok\",\"otp\":\"103319\"}', 'api/v1/profile/sendotp', '127.0.0.1', '2020-05-05 02:13:50', '2020-05-05 02:13:50');
INSERT INTO `log_request_response` VALUES (70, '{\"authorization\":[\"Bearer eyJ0eXAiOiJKV1QiLCJhbGciOiJIUzI1NiJ9.eyJ1aWQiOjIsInVkaWQiOjEsImlhdCI6MTU4ODYxNzU0MiwiZXhwIjoxNTg4NzAzOTQyfQ.9JW2R6AHVyYMAt8RVy_E1C4Rcli3tRQSIHklZBzEWHM\"],\"x-api-key\":[\"ykRNP0wziQLCoC64NLpl\"],\"user-agent\":[\"PostmanRuntime\\/7.24.1\"],\"accept\":[\"*\\/*\"],\"postman-token\":[\"96230ccb-6e6a-4247-8998-99b173d3a324\"],\"host\":[\"www.tpacare.local\"],\"accept-encoding\":[\"gzip, deflate, br\"],\"connection\":[\"keep-alive\"],\"content-type\":[\"multipart\\/form-data; boundary=--------------------------827707841546726397534829\"],\"content-length\":[\"393\"]}', '{\"name\":\"Sakda\",\"surname\":\"Srijumpa\",\"mobile\":\"0861124455\"}', 'HTTP/1.1 500 Internal Server Error\r\nCache-Control:         no-cache, private\r\nContent-Type:          application/json\r\nDate:                  Mon, 04 May 2020 19:13:51 GMT\r\nX-Ratelimit-Limit:     60\r\nX-Ratelimit-Remaining: 58\r\n\r\n{\"status\":\"error\",\"message\":\"\\u0e40\\u0e01\\u0e34\\u0e14\\u0e02\\u0e49\\u0e2d\\u0e1c\\u0e34\\u0e14\\u0e1e\\u0e25\\u0e32\\u0e14\\u0e44\\u0e21\\u0e48\\u0e2a\\u0e32\\u0e21\\u0e32\\u0e23\\u0e16 \\u0e2a\\u0e48\\u0e07\\u0e23\\u0e2b\\u0e31\\u0e2a OTP \\u0e44\\u0e14\\u0e49 \\u0e40\\u0e19\\u0e37\\u0e48\\u0e2d\\u0e07\\u0e08\\u0e32\\u0e01\\u0e22\\u0e31\\u0e07\\u0e44\\u0e21\\u0e48\\u0e04\\u0e23\\u0e1a 5 \\u0e19\\u0e32\\u0e17\\u0e35\"}', 'api/v1/profile/sendotp', '127.0.0.1', '2020-05-05 02:13:51', '2020-05-05 02:13:51');
INSERT INTO `log_request_response` VALUES (71, '{\"authorization\":[\"Bearer eyJ0eXAiOiJKV1QiLCJhbGciOiJIUzI1NiJ9.eyJ1aWQiOjIsInVkaWQiOjEsImlhdCI6MTU4ODYxNzU0MiwiZXhwIjoxNTg4NzAzOTQyfQ.9JW2R6AHVyYMAt8RVy_E1C4Rcli3tRQSIHklZBzEWHM\"],\"x-api-key\":[\"ykRNP0wziQLCoC64NLpl\"],\"user-agent\":[\"PostmanRuntime\\/7.24.1\"],\"accept\":[\"*\\/*\"],\"postman-token\":[\"6b95171e-c047-4262-a46a-5c2a3582efde\"],\"host\":[\"www.tpacare.local\"],\"accept-encoding\":[\"gzip, deflate, br\"],\"connection\":[\"keep-alive\"],\"content-type\":[\"multipart\\/form-data; boundary=--------------------------947962485074776656769220\"],\"content-length\":[\"393\"]}', '{\"name\":\"Sakda\",\"surname\":\"Srijumpa\",\"mobile\":\"0861124455\"}', 'HTTP/1.1 200 OK\r\nCache-Control:         no-cache, private\r\nContent-Type:          application/json\r\nDate:                  Mon, 04 May 2020 19:22:46 GMT\r\nX-Ratelimit-Limit:     60\r\nX-Ratelimit-Remaining: 58\r\n\r\n{\"status\":\"ok\",\"otp\":\"782725\"}', 'api/v1/profile/sendotp', '127.0.0.1', '2020-05-05 02:22:46', '2020-05-05 02:22:46');
INSERT INTO `log_request_response` VALUES (72, '{\"authorization\":[\"Bearer eyJ0eXAiOiJKV1QiLCJhbGciOiJIUzI1NiJ9.eyJ1aWQiOjIsInVkaWQiOjEsImlhdCI6MTU4ODYxNzU0MiwiZXhwIjoxNTg4NzAzOTQyfQ.9JW2R6AHVyYMAt8RVy_E1C4Rcli3tRQSIHklZBzEWHM\"],\"x-api-key\":[\"ykRNP0wziQLCoC64NLpl\"],\"user-agent\":[\"PostmanRuntime\\/7.24.1\"],\"accept\":[\"*\\/*\"],\"postman-token\":[\"7607471b-604d-41fe-bc94-c1add0966170\"],\"host\":[\"www.tpacare.local\"],\"accept-encoding\":[\"gzip, deflate, br\"],\"connection\":[\"keep-alive\"],\"content-type\":[\"multipart\\/form-data; boundary=--------------------------397392941783768587878684\"],\"content-length\":[\"393\"]}', '{\"name\":\"Sakda\",\"surname\":\"Srijumpa\",\"mobile\":\"0861124455\"}', 'HTTP/1.1 500 Internal Server Error\r\nCache-Control:         no-cache, private\r\nContent-Type:          application/json\r\nDate:                  Mon, 04 May 2020 19:22:49 GMT\r\nX-Ratelimit-Limit:     60\r\nX-Ratelimit-Remaining: 57\r\n\r\n{\"status\":\"error\",\"message\":\"\\u0e40\\u0e01\\u0e34\\u0e14\\u0e02\\u0e49\\u0e2d\\u0e1c\\u0e34\\u0e14\\u0e1e\\u0e25\\u0e32\\u0e14\\u0e44\\u0e21\\u0e48\\u0e2a\\u0e32\\u0e21\\u0e32\\u0e23\\u0e16 \\u0e2a\\u0e48\\u0e07\\u0e23\\u0e2b\\u0e31\\u0e2a OTP \\u0e44\\u0e14\\u0e49 \\u0e40\\u0e19\\u0e37\\u0e48\\u0e2d\\u0e07\\u0e08\\u0e32\\u0e01\\u0e22\\u0e31\\u0e07\\u0e44\\u0e21\\u0e48\\u0e04\\u0e23\\u0e1a 5 \\u0e19\\u0e32\\u0e17\\u0e35\"}', 'api/v1/profile/sendotp', '127.0.0.1', '2020-05-05 02:22:49', '2020-05-05 02:22:49');
INSERT INTO `log_request_response` VALUES (73, '{\"authorization\":[\"Bearer eyJ0eXAiOiJKV1QiLCJhbGciOiJIUzI1NiJ9.eyJ1aWQiOjIsInVkaWQiOjEsImlhdCI6MTU4ODYxNzU0MiwiZXhwIjoxNTg4NzAzOTQyfQ.9JW2R6AHVyYMAt8RVy_E1C4Rcli3tRQSIHklZBzEWHM\"],\"x-api-key\":[\"ykRNP0wziQLCoC64NLpl\"],\"user-agent\":[\"PostmanRuntime\\/7.24.1\"],\"accept\":[\"*\\/*\"],\"postman-token\":[\"cb1abf76-5af7-41b3-aa8a-3d521ea90684\"],\"host\":[\"www.tpacare.local\"],\"accept-encoding\":[\"gzip, deflate, br\"],\"connection\":[\"keep-alive\"],\"content-type\":[\"multipart\\/form-data; boundary=--------------------------751843325581862803872943\"],\"content-length\":[\"393\"]}', '{\"name\":\"Sakda\",\"surname\":\"Srijumpa\",\"mobile\":\"0861124455\"}', 'HTTP/1.1 200 OK\r\nCache-Control:         no-cache, private\r\nContent-Type:          application/json\r\nDate:                  Mon, 04 May 2020 19:30:24 GMT\r\nX-Ratelimit-Limit:     60\r\nX-Ratelimit-Remaining: 59\r\n\r\n{\"status\":\"ok\",\"otp\":\"662407\"}', 'api/v1/profile/resendotp', '127.0.0.1', '2020-05-05 02:30:24', '2020-05-05 02:30:24');
INSERT INTO `log_request_response` VALUES (74, '{\"authorization\":[\"Bearer eyJ0eXAiOiJKV1QiLCJhbGciOiJIUzI1NiJ9.eyJ1aWQiOjIsInVkaWQiOjEsImlhdCI6MTU4ODYxNzU0MiwiZXhwIjoxNTg4NzAzOTQyfQ.9JW2R6AHVyYMAt8RVy_E1C4Rcli3tRQSIHklZBzEWHM\"],\"x-api-key\":[\"ykRNP0wziQLCoC64NLpl\"],\"user-agent\":[\"PostmanRuntime\\/7.24.1\"],\"accept\":[\"*\\/*\"],\"postman-token\":[\"5319ca3f-acd2-4138-9134-7efbf00f750b\"],\"host\":[\"www.tpacare.local\"],\"accept-encoding\":[\"gzip, deflate, br\"],\"connection\":[\"keep-alive\"],\"content-type\":[\"multipart\\/form-data; boundary=--------------------------783388914656243719668628\"],\"content-length\":[\"393\"]}', '{\"name\":\"Sakda\",\"surname\":\"Srijumpa\",\"mobile\":\"0861124455\"}', 'HTTP/1.1 500 Internal Server Error\r\nCache-Control:         no-cache, private\r\nContent-Type:          application/json\r\nDate:                  Mon, 04 May 2020 19:30:27 GMT\r\nX-Ratelimit-Limit:     60\r\nX-Ratelimit-Remaining: 58\r\n\r\n{\"status\":\"error\",\"message\":\"\\u0e40\\u0e01\\u0e34\\u0e14\\u0e02\\u0e49\\u0e2d\\u0e1c\\u0e34\\u0e14\\u0e1e\\u0e25\\u0e32\\u0e14\\u0e44\\u0e21\\u0e48\\u0e2a\\u0e32\\u0e21\\u0e32\\u0e23\\u0e16 \\u0e2a\\u0e48\\u0e07\\u0e23\\u0e2b\\u0e31\\u0e2a OTP \\u0e44\\u0e14\\u0e49 \\u0e40\\u0e19\\u0e37\\u0e48\\u0e2d\\u0e07\\u0e08\\u0e32\\u0e01\\u0e22\\u0e31\\u0e07\\u0e44\\u0e21\\u0e48\\u0e04\\u0e23\\u0e1a 5 \\u0e19\\u0e32\\u0e17\\u0e35\"}', 'api/v1/profile/resendotp', '127.0.0.1', '2020-05-05 02:30:27', '2020-05-05 02:30:27');
INSERT INTO `log_request_response` VALUES (75, '{\"authorization\":[\"Bearer eyJ0eXAiOiJKV1QiLCJhbGciOiJIUzI1NiJ9.eyJ1aWQiOjIsInVkaWQiOjEsImlhdCI6MTU4ODYxNzU0MiwiZXhwIjoxNTg4NzAzOTQyfQ.9JW2R6AHVyYMAt8RVy_E1C4Rcli3tRQSIHklZBzEWHM\"],\"x-api-key\":[\"ykRNP0wziQLCoC64NLpl\"],\"user-agent\":[\"PostmanRuntime\\/7.24.1\"],\"accept\":[\"*\\/*\"],\"postman-token\":[\"589815b2-848b-4456-b798-dd2211290d23\"],\"host\":[\"www.tpacare.local\"],\"accept-encoding\":[\"gzip, deflate, br\"],\"connection\":[\"keep-alive\"],\"content-type\":[\"multipart\\/form-data; boundary=--------------------------824314100941333073942611\"],\"content-length\":[\"164\"]}', '{\"otp\":\"662407\"}', 'HTTP/1.1 200 OK\r\nCache-Control:         no-cache, private\r\nContent-Type:          application/json\r\nDate:                  Mon, 04 May 2020 19:32:57 GMT\r\nX-Ratelimit-Limit:     60\r\nX-Ratelimit-Remaining: 59\r\n\r\n{\"status\":\"ok\",\"message\":\"Success !\"}', 'api/v1/profile/verifyotp', '127.0.0.1', '2020-05-05 02:32:57', '2020-05-05 02:32:57');
INSERT INTO `log_request_response` VALUES (76, '{\"authorization\":[\"Bearer eyJ0eXAiOiJKV1QiLCJhbGciOiJIUzI1NiJ9.eyJ1aWQiOjIsInVkaWQiOjEsImlhdCI6MTU4ODYxNzU0MiwiZXhwIjoxNTg4NzAzOTQyfQ.9JW2R6AHVyYMAt8RVy_E1C4Rcli3tRQSIHklZBzEWHM\"],\"x-api-key\":[\"ykRNP0wziQLCoC64NLpl\"],\"user-agent\":[\"PostmanRuntime\\/7.24.1\"],\"accept\":[\"*\\/*\"],\"postman-token\":[\"b1396f61-bce1-4e68-9be1-27d443701dc1\"],\"host\":[\"www.tpacare.local\"],\"accept-encoding\":[\"gzip, deflate, br\"],\"connection\":[\"keep-alive\"],\"content-type\":[\"multipart\\/form-data; boundary=--------------------------916366062610308029275215\"],\"content-length\":[\"164\"]}', '{\"otp\":\"662407\"}', 'HTTP/1.1 500 Internal Server Error\r\nCache-Control:         no-cache, private\r\nContent-Type:          application/json\r\nDate:                  Mon, 04 May 2020 19:33:00 GMT\r\nX-Ratelimit-Limit:     60\r\nX-Ratelimit-Remaining: 58\r\n\r\n{\"status\":\"error\",\"message\":\"OTP \\u0e44\\u0e21\\u0e48\\u0e16\\u0e39\\u0e01\\u0e15\\u0e49\\u0e2d\\u0e07\"}', 'api/v1/profile/verifyotp', '127.0.0.1', '2020-05-05 02:33:00', '2020-05-05 02:33:00');
INSERT INTO `log_request_response` VALUES (77, '{\"authorization\":[\"Bearer eyJ0eXAiOiJKV1QiLCJhbGciOiJIUzI1NiJ9.eyJ1aWQiOjIsInVkaWQiOjEsImlhdCI6MTU4ODYxNzU0MiwiZXhwIjoxNTg4NzAzOTQyfQ.9JW2R6AHVyYMAt8RVy_E1C4Rcli3tRQSIHklZBzEWHM\"],\"x-api-key\":[\"ykRNP0wziQLCoC64NLpl\"],\"user-agent\":[\"PostmanRuntime\\/7.24.1\"],\"accept\":[\"*\\/*\"],\"postman-token\":[\"0de9e196-25a9-4614-934c-31273f22cf3d\"],\"host\":[\"www.tpacare.local\"],\"accept-encoding\":[\"gzip, deflate, br\"],\"connection\":[\"keep-alive\"]}', '[]', 'HTTP/1.1 200 OK\r\nCache-Control:         no-cache, private\r\nContent-Type:          application/json\r\nDate:                  Mon, 04 May 2020 19:44:33 GMT\r\nX-Ratelimit-Limit:     60\r\nX-Ratelimit-Remaining: 59\r\n\r\n{\"status\":\"ok\",\"message\":\"Success !\",\"data\":{\"username\":\"ddddd\",\"name\":\"Sakda\",\"surname\":\"Srijumpa\",\"mobile\":\"0890535589\"}}', 'api/v1/profile', '127.0.0.1', '2020-05-05 02:44:33', '2020-05-05 02:44:33');
INSERT INTO `log_request_response` VALUES (78, '{\"authorization\":[\"Bearer eyJ0eXAiOiJKV1QiLCJhbGciOiJIUzI1NiJ9.eyJ1aWQiOjIsInVkaWQiOjEsImlhdCI6MTU4ODYxNzU0MiwiZXhwIjoxNTg4NzAzOTQyfQ.9JW2R6AHVyYMAt8RVy_E1C4Rcli3tRQSIHklZBzEWHM2\"],\"x-api-key\":[\"ykRNP0wziQLCoC64NLpl\"],\"user-agent\":[\"PostmanRuntime\\/7.24.1\"],\"accept\":[\"*\\/*\"],\"postman-token\":[\"f47469e7-fd16-448a-8925-c1ee5bea2e32\"],\"host\":[\"www.tpacare.local\"],\"accept-encoding\":[\"gzip, deflate, br\"],\"connection\":[\"keep-alive\"]}', '[]', 'HTTP/1.1 401 Unauthorized\r\nCache-Control:         no-cache, private\r\nContent-Type:          application/json\r\nDate:                  Mon, 04 May 2020 19:44:44 GMT\r\nX-Ratelimit-Limit:     60\r\nX-Ratelimit-Remaining: 58\r\n\r\n{\"status\":\"error\",\"message\":\"Signature verification failed\"}', 'api/v1/profile', '127.0.0.1', '2020-05-05 02:44:44', '2020-05-05 02:44:44');
INSERT INTO `log_request_response` VALUES (79, '{\"authorization\":[\"Bearer eyJ0eXAiOiJKV1QiLCJhbGciOiJIUzI1NiJ9.eyJ1aWQiOjIsInVkaWQiOjEsImlhdCI6MTU4ODYxNzU0MiwiZXhwIjoxNTg4NzAzOTQyfQ.9JW2R6AHVyYMAt8RVy_E1C4Rcli3tRQSIHklZBzEWHM\"],\"x-api-key\":[\"ykRNP0wziQLCoC64NLpl\"],\"user-agent\":[\"PostmanRuntime\\/7.24.1\"],\"accept\":[\"*\\/*\"],\"postman-token\":[\"986ae892-4a42-4fb8-8183-95bc8f79b5c4\"],\"host\":[\"www.tpacare.local\"],\"accept-encoding\":[\"gzip, deflate, br\"],\"connection\":[\"keep-alive\"]}', '[]', 'HTTP/1.1 200 OK\r\nCache-Control:         no-cache, private\r\nContent-Type:          application/json\r\nDate:                  Mon, 04 May 2020 19:44:53 GMT\r\nX-Ratelimit-Limit:     60\r\nX-Ratelimit-Remaining: 57\r\n\r\n{\"status\":\"ok\",\"message\":\"Success !\",\"data\":{\"username\":\"ddddd\",\"name\":\"Sakda\",\"surname\":\"Srijumpa\",\"mobile\":\"0890535589\"}}', 'api/v1/profile', '127.0.0.1', '2020-05-05 02:44:53', '2020-05-05 02:44:53');
INSERT INTO `log_request_response` VALUES (80, '{\"authorization\":[\"Bearer eyJ0eXAiOiJKV1QiLCJhbGciOiJIUzI1NiJ9.eyJ1aWQiOjIsInVkaWQiOjEsImlhdCI6MTU4ODYxNzU0MiwiZXhwIjoxNTg4NzAzOTQyfQ.9JW2R6AHVyYMAt8RVy_E1C4Rcli3tRQSIHklZBzEWHM\"],\"x-api-key\":[\"ykRNP0wziQLCoC64NLpl\"],\"user-agent\":[\"PostmanRuntime\\/7.24.1\"],\"accept\":[\"*\\/*\"],\"postman-token\":[\"be7865ee-57eb-4975-b0cd-d6627ad4eb3a\"],\"host\":[\"www.tpacare.local\"],\"accept-encoding\":[\"gzip, deflate, br\"],\"connection\":[\"keep-alive\"],\"content-type\":[\"multipart\\/form-data; boundary=--------------------------624109661605414752831461\"],\"content-length\":[\"169\"]}', '{\"username\":\"662407\"}', 'HTTP/1.1 500 Internal Server Error\r\nCache-Control:         no-cache, private\r\nContent-Type:          application/json\r\nDate:                  Mon, 04 May 2020 20:01:57 GMT\r\nX-Ratelimit-Limit:     60\r\nX-Ratelimit-Remaining: 59\r\n\r\n{\"status\":\"ok\",\"message\":\"Your username not found.\"}', 'api/v1/forgot-password', '127.0.0.1', '2020-05-05 03:01:57', '2020-05-05 03:01:57');
INSERT INTO `log_request_response` VALUES (81, '{\"authorization\":[\"Bearer eyJ0eXAiOiJKV1QiLCJhbGciOiJIUzI1NiJ9.eyJ1aWQiOjIsInVkaWQiOjEsImlhdCI6MTU4ODYxNzU0MiwiZXhwIjoxNTg4NzAzOTQyfQ.9JW2R6AHVyYMAt8RVy_E1C4Rcli3tRQSIHklZBzEWHM\"],\"x-api-key\":[\"ykRNP0wziQLCoC64NLpl\"],\"user-agent\":[\"PostmanRuntime\\/7.24.1\"],\"accept\":[\"*\\/*\"],\"postman-token\":[\"034651c0-ac76-4cbc-a344-80f02e24f657\"],\"host\":[\"www.tpacare.local\"],\"accept-encoding\":[\"gzip, deflate, br\"],\"connection\":[\"keep-alive\"],\"content-type\":[\"multipart\\/form-data; boundary=--------------------------651249783217185116494052\"],\"content-length\":[\"168\"]}', '{\"username\":\"sakda\"}', 'HTTP/1.1 200 OK\r\nCache-Control:         no-cache, private\r\nContent-Type:          application/json\r\nDate:                  Mon, 04 May 2020 20:02:47 GMT\r\nX-Ratelimit-Limit:     60\r\nX-Ratelimit-Remaining: 58\r\n\r\n{\"status\":\"ok\",\"otp\":\"127799\"}', 'api/v1/forgot-password', '127.0.0.1', '2020-05-05 03:02:47', '2020-05-05 03:02:47');
INSERT INTO `log_request_response` VALUES (82, '{\"x-api-key\":[\"ykRNP0wziQLCoC64NLpl\"],\"register-token\":[\"5ea4868d9e598\"],\"content-type\":[\"application\\/json\"],\"user-agent\":[\"PostmanRuntime\\/7.24.1\"],\"accept\":[\"*\\/*\"],\"postman-token\":[\"077817ca-c58b-4034-987e-858e8294e995\"],\"host\":[\"www.tpacare.local\"],\"accept-encoding\":[\"gzip, deflate, br\"],\"connection\":[\"keep-alive\"],\"content-length\":[\"962\"]}', '[]', 'HTTP/1.1 500 Internal Server Error\r\nCache-Control:         no-cache, private\r\nContent-Type:          application/json\r\nDate:                  Tue, 05 May 2020 01:18:01 GMT\r\nX-Ratelimit-Limit:     60\r\nX-Ratelimit-Remaining: 59\r\n\r\n{\"status\":\"error\",\"message\":\"The username field is required.; The password field is required.; The passconf field is required.; The name field is required.; The surname field is required.; The mobile field is required.\",\"messages\":[\"The username field is required.\",\"The password field is required.\",\"The passconf field is required.\",\"The name field is required.\",\"The surname field is required.\",\"The mobile field is required.\"]}', 'api/v1/register', '127.0.0.1', '2020-05-05 08:18:01', '2020-05-05 08:18:01');
INSERT INTO `log_request_response` VALUES (83, '{\"x-api-key\":[\"ykRNP0wziQLCoC64NLpl\"],\"register-token\":[\"5ea4868d9e598\"],\"user-agent\":[\"PostmanRuntime\\/7.24.1\"],\"accept\":[\"*\\/*\"],\"postman-token\":[\"53a1363a-9577-4413-9b86-0d6f2cb286a8\"],\"host\":[\"www.tpacare.local\"],\"accept-encoding\":[\"gzip, deflate, br\"],\"connection\":[\"keep-alive\"],\"content-type\":[\"multipart\\/form-data; boundary=--------------------------992787397066268284975679\"],\"content-length\":[\"962\"]}', '{\"username\":\"ddddd\",\"password\":\"123456\",\"passconf\":\"123456\",\"name\":\"Sakda\",\"surname\":\"Srijumpa\",\"mobile\":\"0890535589\",\"device_token\":\"sssssss\",\"device_type\":\"ios\"}', 'HTTP/1.1 200 OK\r\nCache-Control:         no-cache, private\r\nContent-Type:          application/json\r\nDate:                  Tue, 05 May 2020 01:18:51 GMT\r\nX-Ratelimit-Limit:     60\r\nX-Ratelimit-Remaining: 58\r\n\r\n{\"status\":\"ok\",\"register_token\":\"eyJpdiI6IndoV0JIWFwvNk1VOFhiZmR1amQ4QXZnPT0iLCJ2YWx1ZSI6InZuTEkzWEtwUG9mUXVmOUo3eGJXcEE9PSIsIm1hYyI6Ijk0YjlhZTE5MzViOWQwMjVjOWQ3MTc5N2Y0MDM0MjJkZjA3ODBkNzczOTc2MjE4MTFhNGYwNDUyMjg4Y2IwMmUifQ==\",\"otp\":\"819561\"}', 'api/v1/register', '127.0.0.1', '2020-05-05 08:18:51', '2020-05-05 08:18:51');
INSERT INTO `log_request_response` VALUES (84, '{\"x-api-key\":[\"ykRNP0wziQLCoC64NLpl\"],\"register-token\":[\"5ea4868d9e598\"],\"content-type\":[\"application\\/json\"],\"user-agent\":[\"PostmanRuntime\\/7.24.1\"],\"accept\":[\"*\\/*\"],\"postman-token\":[\"a2bd2e33-3fe1-466b-949d-3431394651cf\"],\"host\":[\"www.tpacare.local\"],\"accept-encoding\":[\"gzip, deflate, br\"],\"connection\":[\"keep-alive\"],\"content-length\":[\"163\"]}', '{\"username\":\"ddddd\",\"password\":\"123456\",\"passconf\":\"123456\",\"name\":\"Sakda\",\"surname\":\"Srijumpa\",\"mobile\":\"0890535589\",\"device_token\":\"sssssss\",\"device_type\":\"ios\"}', 'HTTP/1.1 500 Internal Server Error\r\nCache-Control:         no-cache, private\r\nContent-Type:          application/json\r\nDate:                  Tue, 05 May 2020 01:21:12 GMT\r\nX-Ratelimit-Limit:     60\r\nX-Ratelimit-Remaining: 59\r\n\r\n{\"status\":\"error\",\"message\":\"The username has already been taken.\",\"messages\":[\"The username has already been taken.\"]}', 'api/v1/register', '127.0.0.1', '2020-05-05 08:21:12', '2020-05-05 08:21:12');
INSERT INTO `log_request_response` VALUES (85, '{\"authorization\":[\"Bearer eyJ0eXAiOiJKV1QiLCJhbGciOiJIUzI1NiJ9.eyJ1aWQiOjIsInVkaWQiOjEsImlhdCI6MTU4ODYxNzU0MiwiZXhwIjoxNTg4NzAzOTQyfQ.9JW2R6AHVyYMAt8RVy_E1C4Rcli3tRQSIHklZBzEWHM\"],\"x-api-key\":[\"ykRNP0wziQLCoC64NLpl\"],\"user-agent\":[\"PostmanRuntime\\/7.24.1\"],\"accept\":[\"*\\/*\"],\"postman-token\":[\"9b35854f-b6be-4333-a7b7-0985958dadbb\"],\"host\":[\"www.tpacare.local\"],\"accept-encoding\":[\"gzip, deflate, br\"],\"connection\":[\"keep-alive\"]}', '[]', 'HTTP/1.1 200 OK\r\nCache-Control:         no-cache, private\r\nContent-Type:          application/json\r\nDate:                  Tue, 05 May 2020 01:39:02 GMT\r\nX-Ratelimit-Limit:     60\r\nX-Ratelimit-Remaining: 59\r\n\r\n{\"status\":\"ok\",\"message\":\"Success !\",\"data\":{\"username\":\"sakda\",\"name\":\"Sakda\",\"surname\":\"Srijumpa\",\"mobile\":\"0890535589\"}}', 'api/v1/profile', '127.0.0.1', '2020-05-05 08:39:02', '2020-05-05 08:39:02');
INSERT INTO `log_request_response` VALUES (86, '{\"authorization\":[\"Bearer eyJ0eXAiOiJKV1QiLCJhbGciOiJIUzI1NiJ9.eyJ1aWQiOjIsInVkaWQiOjEsImlhdCI6MTU4ODYxNzU0MiwiZXhwIjoxNTg4NzAzOTQyfQ.9JW2R6AHVyYMAt8RVy_E1C4Rcli3tRQSIHklZBzEWHM\"],\"x-api-key\":[\"ykRNP0wziQLCoC64NLpl\"],\"user-agent\":[\"PostmanRuntime\\/7.24.1\"],\"accept\":[\"*\\/*\"],\"postman-token\":[\"e4e84749-b220-449f-97d6-77558aa74f0d\"],\"host\":[\"www.tpacare.local\"],\"accept-encoding\":[\"gzip, deflate, br\"],\"connection\":[\"keep-alive\"]}', '[]', 'HTTP/1.1 200 OK\r\nCache-Control:         no-cache, private\r\nContent-Type:          application/json\r\nDate:                  Tue, 05 May 2020 01:39:55 GMT\r\nX-Ratelimit-Limit:     60\r\nX-Ratelimit-Remaining: 58\r\n\r\n{\"status\":\"ok\",\"message\":\"Success !\",\"data\":{\"username\":\"sakda\",\"name\":\"Sakda\",\"surname\":\"Srijumpa\",\"mobile\":\"0890535589\"}}', 'api/v1/profile', '127.0.0.1', '2020-05-05 08:39:55', '2020-05-05 08:39:55');
INSERT INTO `log_request_response` VALUES (87, '{\"x-api-key\":[\"ykRNP0wziQLCoC64NLpl\"],\"register-token\":[\"\"],\"content-type\":[\"application\\/json\"],\"user-agent\":[\"PostmanRuntime\\/7.24.1\"],\"accept\":[\"*\\/*\"],\"postman-token\":[\"f594c11a-4565-4b9d-ac86-a3518677166d\"],\"host\":[\"www.tpacare.local\"],\"accept-encoding\":[\"gzip, deflate, br\"],\"connection\":[\"keep-alive\"],\"content-length\":[\"163\"]}', '{\"username\":\"ddddd\",\"password\":\"123456\",\"passconf\":\"123456\",\"name\":\"Sakda\",\"surname\":\"Srijumpa\",\"mobile\":\"0891114455\",\"device_token\":\"sssssss\",\"device_type\":\"ios\"}', 'HTTP/1.1 200 OK\r\nCache-Control:         no-cache, private\r\nContent-Type:          application/json\r\nDate:                  Tue, 05 May 2020 01:44:59 GMT\r\nX-Ratelimit-Limit:     60\r\nX-Ratelimit-Remaining: 59\r\n\r\n{\"status\":\"ok\",\"register_token\":\"eyJpdiI6IkVBOEVZMkJzaVBTblNYUkhlbE5xaXc9PSIsInZhbHVlIjoidkxtRWpxdHBhbkgyd3J2b29uakRXZz09IiwibWFjIjoiMjg3NmVjNjg2M2UxYmUwZDIxYmIzNTA1YmFlNzBkNTliMTc5MzBkZjE1YzgyYzdkYjdkMzhiOGE0OGE1Yjc1YyJ9\",\"otp\":\"784293\"}', 'api/v1/register', '127.0.0.1', '2020-05-05 08:44:59', '2020-05-05 08:44:59');
INSERT INTO `log_request_response` VALUES (88, '{\"x-api-key\":[\"ykRNP0wziQLCoC64NLpl\"],\"register-token\":[\"\"],\"content-type\":[\"application\\/json\"],\"user-agent\":[\"PostmanRuntime\\/7.24.1\"],\"accept\":[\"*\\/*\"],\"postman-token\":[\"12058dfa-6a3b-4e57-8f29-450f29b2682f\"],\"host\":[\"www.tpacare.local\"],\"accept-encoding\":[\"gzip, deflate, br\"],\"connection\":[\"keep-alive\"],\"content-length\":[\"163\"]}', '{\"username\":\"ddddd\",\"password\":\"123456\",\"passconf\":\"123456\",\"name\":\"Sakda\",\"surname\":\"Srijumpa\",\"mobile\":\"0891114455\",\"device_token\":\"sssssss\",\"device_type\":\"ios\"}', 'HTTP/1.1 500 Internal Server Error\r\nCache-Control:         no-cache, private\r\nContent-Type:          application/json\r\nDate:                  Tue, 05 May 2020 01:46:05 GMT\r\nX-Ratelimit-Limit:     60\r\nX-Ratelimit-Remaining: 59\r\n\r\n{\"status\":\"error\",\"message\":\"The username has already been taken.\",\"messages\":[\"The username has already been taken.\"]}', 'api/v1/register', '127.0.0.1', '2020-05-05 08:46:05', '2020-05-05 08:46:05');
INSERT INTO `log_request_response` VALUES (89, '{\"authorization\":[\"Bearer eyJ0eXAiOiJKV1QiLCJhbGciOiJIUzI1NiJ9.eyJ1aWQiOjIsInVkaWQiOjEsImlhdCI6MTU4ODYxNjY2NCwiZXhwIjoxNTg4NzAzMDY0fQ.PH6guw03emVD75VilikeiC5eIkdit276KyfmTHcPvOs\"],\"x-api-key\":[\"ykRNP0wziQLCoC64NLpl\"],\"user-agent\":[\"PostmanRuntime\\/7.24.1\"],\"accept\":[\"*\\/*\"],\"postman-token\":[\"3461f814-9313-4f3d-8872-cf963c44e8e0\"],\"host\":[\"www.tpacare.local\"],\"accept-encoding\":[\"gzip, deflate, br\"],\"connection\":[\"keep-alive\"],\"content-type\":[\"multipart\\/form-data; boundary=--------------------------392918185671123319813900\"],\"content-length\":[\"276\"]}', '[]', 'HTTP/1.1 500 Internal Server Error\r\nCache-Control:         no-cache, private\r\nContent-Type:          application/json\r\nDate:                  Tue, 05 May 2020 01:54:15 GMT\r\nX-Ratelimit-Limit:     60\r\nX-Ratelimit-Remaining: 59\r\n\r\n{\"status\":\"error\",\"message\":\"The pin field is required.; The pinconf field is required.\",\"messages\":[\"The pin field is required.\",\"The pinconf field is required.\"]}', 'api/v1/setpin', '127.0.0.1', '2020-05-05 08:54:15', '2020-05-05 08:54:15');
INSERT INTO `log_request_response` VALUES (90, '{\"authorization\":[\"Bearer eyJ0eXAiOiJKV1QiLCJhbGciOiJIUzI1NiJ9.eyJ1aWQiOjIsInVkaWQiOjEsImlhdCI6MTU4ODYxNjY2NCwiZXhwIjoxNTg4NzAzMDY0fQ.PH6guw03emVD75VilikeiC5eIkdit276KyfmTHcPvOs\"],\"x-api-key\":[\"ykRNP0wziQLCoC64NLpl\"],\"content-type\":[\"application\\/json\"],\"user-agent\":[\"PostmanRuntime\\/7.24.1\"],\"accept\":[\"*\\/*\"],\"postman-token\":[\"c9af4ab1-76b6-4362-948d-ec5007549e1e\"],\"host\":[\"www.tpacare.local\"],\"accept-encoding\":[\"gzip, deflate, br\"],\"connection\":[\"keep-alive\"],\"content-length\":[\"35\"]}', '{\"pin\":\"123456\",\"pinconf\":\"123456\"}', 'HTTP/1.1 200 OK\r\nCache-Control:         no-cache, private\r\nContent-Type:          application/json\r\nDate:                  Tue, 05 May 2020 01:55:24 GMT\r\nX-Ratelimit-Limit:     60\r\nX-Ratelimit-Remaining: 59\r\n\r\n{\"status\":\"ok\",\"message\":\"Success !\"}', 'api/v1/setpin', '127.0.0.1', '2020-05-05 08:55:24', '2020-05-05 08:55:24');
INSERT INTO `log_request_response` VALUES (91, '{\"authorization\":[\"Bearer eyJ0eXAiOiJKV1QiLCJhbGciOiJIUzI1NiJ9.eyJ1aWQiOjIsInVkaWQiOjEsImlhdCI6MTU4ODYxNzU0MiwiZXhwIjoxNTg4NzAzOTQyfQ.9JW2R6AHVyYMAt8RVy_E1C4Rcli3tRQSIHklZBzEWHM\"],\"x-api-key\":[\"ykRNP0wziQLCoC64NLpl\"],\"user-agent\":[\"PostmanRuntime\\/7.24.1\"],\"accept\":[\"*\\/*\"],\"postman-token\":[\"c86b543a-1193-4af0-8481-b0ee16202e79\"],\"host\":[\"www.tpacare.local\"],\"accept-encoding\":[\"gzip, deflate, br\"],\"connection\":[\"keep-alive\"],\"content-type\":[\"multipart\\/form-data; boundary=--------------------------899892679465950845684134\"],\"content-length\":[\"393\"]}', '{\"name\":\"Sakda\",\"surname\":\"Srijumpa\",\"mobile\":\"0861124455\"}', 'HTTP/1.1 200 OK\r\nCache-Control:         no-cache, private\r\nContent-Type:          application/json\r\nDate:                  Tue, 05 May 2020 01:56:38 GMT\r\nX-Ratelimit-Limit:     60\r\nX-Ratelimit-Remaining: 59\r\n\r\n{\"status\":\"ok\",\"otp\":\"792669\"}', 'api/v1/profile/sendotp', '127.0.0.1', '2020-05-05 08:56:38', '2020-05-05 08:56:38');
INSERT INTO `log_request_response` VALUES (92, '{\"authorization\":[\"Bearer eyJ0eXAiOiJKV1QiLCJhbGciOiJIUzI1NiJ9.eyJ1aWQiOjIsInVkaWQiOjEsImlhdCI6MTU4ODYxNzU0MiwiZXhwIjoxNTg4NzAzOTQyfQ.9JW2R6AHVyYMAt8RVy_E1C4Rcli3tRQSIHklZBzEWHM\"],\"x-api-key\":[\"ykRNP0wziQLCoC64NLpl\"],\"content-type\":[\"application\\/json\"],\"user-agent\":[\"PostmanRuntime\\/7.24.1\"],\"accept\":[\"*\\/*\"],\"postman-token\":[\"509c8c6e-cf32-432f-ab4e-f4704aedc23c\"],\"host\":[\"www.tpacare.local\"],\"accept-encoding\":[\"gzip, deflate, br\"],\"connection\":[\"keep-alive\"],\"content-length\":[\"59\"]}', '{\"name\":\"Sakda\",\"surname\":\"Srijumpa\",\"mobile\":\"0861124455\"}', 'HTTP/1.1 200 OK\r\nCache-Control:         no-cache, private\r\nContent-Type:          application/json\r\nDate:                  Tue, 05 May 2020 01:58:42 GMT\r\nX-Ratelimit-Limit:     60\r\nX-Ratelimit-Remaining: 59\r\n\r\n{\"status\":\"ok\",\"message\":\"Success !\"}', 'api/v1/profile', '127.0.0.1', '2020-05-05 08:58:42', '2020-05-05 08:58:42');
INSERT INTO `log_request_response` VALUES (93, '{\"authorization\":[\"Bearer eyJ0eXAiOiJKV1QiLCJhbGciOiJIUzI1NiJ9.eyJ1aWQiOjIsInVkaWQiOjEsImlhdCI6MTU4ODYxNzU0MiwiZXhwIjoxNTg4NzAzOTQyfQ.9JW2R6AHVyYMAt8RVy_E1C4Rcli3tRQSIHklZBzEWHM\"],\"x-api-key\":[\"ykRNP0wziQLCoC64NLpl\"],\"content-type\":[\"application\\/json\"],\"user-agent\":[\"PostmanRuntime\\/7.24.1\"],\"accept\":[\"*\\/*\"],\"postman-token\":[\"cfd54e7d-8baa-4c02-9453-eed03ccaa408\"],\"host\":[\"www.tpacare.local\"],\"accept-encoding\":[\"gzip, deflate, br\"],\"connection\":[\"keep-alive\"],\"content-length\":[\"59\"]}', '{\"name\":\"Sakda\",\"surname\":\"Srijumpa\",\"mobile\":\"0861124455\"}', 'HTTP/1.1 200 OK\r\nCache-Control:         no-cache, private\r\nContent-Type:          application/json\r\nDate:                  Tue, 05 May 2020 01:59:08 GMT\r\nX-Ratelimit-Limit:     60\r\nX-Ratelimit-Remaining: 58\r\n\r\n{\"status\":\"ok\",\"message\":\"Success !\"}', 'api/v1/profile', '127.0.0.1', '2020-05-05 08:59:08', '2020-05-05 08:59:08');

-- ----------------------------
-- Table structure for migrations
-- ----------------------------
DROP TABLE IF EXISTS `migrations`;
CREATE TABLE `migrations`  (
  `id` int(10) UNSIGNED NOT NULL AUTO_INCREMENT,
  `migration` varchar(255) CHARACTER SET utf8 COLLATE utf8_general_ci NOT NULL,
  `batch` int(11) NOT NULL,
  PRIMARY KEY (`id`) USING BTREE
) ENGINE = InnoDB AUTO_INCREMENT = 11 CHARACTER SET = utf8 COLLATE = utf8_general_ci ROW_FORMAT = Compact;

-- ----------------------------
-- Records of migrations
-- ----------------------------
INSERT INTO `migrations` VALUES (1, '2014_10_12_000000_create_users_table', 1);
INSERT INTO `migrations` VALUES (2, '2014_10_12_100000_create_password_resets_table', 1);
INSERT INTO `migrations` VALUES (3, '2016_08_07_152421_modify_users', 1);
INSERT INTO `migrations` VALUES (4, '2016_08_07_152421_table_menus', 1);
INSERT INTO `migrations` VALUES (5, '2016_08_07_152421_table_modules', 1);
INSERT INTO `migrations` VALUES (6, '2016_08_07_152421_table_role_privileges', 1);
INSERT INTO `migrations` VALUES (7, '2016_08_07_152421_table_roles', 1);
INSERT INTO `migrations` VALUES (8, '2020_04_18_071757_tpa_news', 2);
INSERT INTO `migrations` VALUES (9, '2020_04_22_150124_tpa_promotions', 3);
INSERT INTO `migrations` VALUES (10, '2020_04_22_151914_tpa_hospital', 4);

-- ----------------------------
-- Table structure for password_resets
-- ----------------------------
DROP TABLE IF EXISTS `password_resets`;
CREATE TABLE `password_resets`  (
  `email` varchar(255) CHARACTER SET utf8 COLLATE utf8_general_ci NOT NULL,
  `token` varchar(255) CHARACTER SET utf8 COLLATE utf8_general_ci NOT NULL,
  `created_at` timestamp(0) NULL DEFAULT NULL,
  INDEX `password_resets_email_index`(`email`) USING BTREE
) ENGINE = InnoDB CHARACTER SET = utf8 COLLATE = utf8_general_ci ROW_FORMAT = Compact;

-- ----------------------------
-- Table structure for tpa_article
-- ----------------------------
DROP TABLE IF EXISTS `tpa_article`;
CREATE TABLE `tpa_article`  (
  `id` bigint(20) UNSIGNED NOT NULL AUTO_INCREMENT,
  `title_th` varchar(250) CHARACTER SET utf8 COLLATE utf8_general_ci NULL DEFAULT NULL,
  `detail_th` text CHARACTER SET utf8 COLLATE utf8_general_ci NULL,
  `title_en` varchar(250) CHARACTER SET utf8 COLLATE utf8_general_ci NOT NULL,
  `detail_en` text CHARACTER SET utf8 COLLATE utf8_general_ci NOT NULL,
  `status` int(11) NOT NULL,
  `created_at` timestamp(0) NULL DEFAULT NULL,
  `updated_at` timestamp(0) NULL DEFAULT NULL,
  `deleted_at` timestamp(0) NULL DEFAULT NULL,
  PRIMARY KEY (`id`) USING BTREE
) ENGINE = InnoDB AUTO_INCREMENT = 1 CHARACTER SET = utf8 COLLATE = utf8_general_ci ROW_FORMAT = Compact;

-- ----------------------------
-- Table structure for tpa_company
-- ----------------------------
DROP TABLE IF EXISTS `tpa_company`;
CREATE TABLE `tpa_company`  (
  `id` bigint(20) UNSIGNED NOT NULL AUTO_INCREMENT,
  `name` varchar(250) CHARACTER SET utf8 COLLATE utf8_general_ci NULL DEFAULT NULL,
  `policy_no` varchar(20) CHARACTER SET utf8 COLLATE utf8_general_ci NULL DEFAULT NULL,
  `created_at` timestamp(0) NULL DEFAULT NULL,
  `updated_at` timestamp(0) NULL DEFAULT NULL,
  `deleted_at` timestamp(0) NULL DEFAULT NULL,
  PRIMARY KEY (`id`) USING BTREE
) ENGINE = InnoDB AUTO_INCREMENT = 1 CHARACTER SET = utf8 COLLATE = utf8_general_ci ROW_FORMAT = Compact;

-- ----------------------------
-- Table structure for tpa_config
-- ----------------------------
DROP TABLE IF EXISTS `tpa_config`;
CREATE TABLE `tpa_config`  (
  `id` int(11) NOT NULL AUTO_INCREMENT,
  `config_key` varchar(30) CHARACTER SET utf8 COLLATE utf8_general_ci NOT NULL,
  `config_val` varchar(150) CHARACTER SET utf8 COLLATE utf8_general_ci NOT NULL,
  PRIMARY KEY (`id`) USING BTREE
) ENGINE = InnoDB AUTO_INCREMENT = 2 CHARACTER SET = utf8 COLLATE = utf8_general_ci ROW_FORMAT = Compact;

-- ----------------------------
-- Records of tpa_config
-- ----------------------------
INSERT INTO `tpa_config` VALUES (1, 'rendotp_minute', '5');

-- ----------------------------
-- Table structure for tpa_hospital
-- ----------------------------
DROP TABLE IF EXISTS `tpa_hospital`;
CREATE TABLE `tpa_hospital`  (
  `id` bigint(20) UNSIGNED NOT NULL AUTO_INCREMENT,
  `name` varchar(250) CHARACTER SET utf8 COLLATE utf8_general_ci NULL DEFAULT NULL,
  `branch` varchar(250) CHARACTER SET utf8 COLLATE utf8_general_ci NOT NULL DEFAULT '',
  `telephone` varchar(255) CHARACTER SET utf8 COLLATE utf8_general_ci NULL DEFAULT NULL,
  `url` varchar(250) CHARACTER SET utf8 COLLATE utf8_general_ci NULL DEFAULT NULL,
  `address` text CHARACTER SET utf8 COLLATE utf8_general_ci NULL,
  `type` int(11) NULL DEFAULT NULL,
  `coordinates` varchar(255) CHARACTER SET utf8 COLLATE utf8_general_ci NULL DEFAULT NULL,
  `status` int(11) NOT NULL DEFAULT 1,
  `created_at` timestamp(0) NULL DEFAULT NULL,
  `updated_at` timestamp(0) NULL DEFAULT NULL,
  `deleted_at` timestamp(0) NULL DEFAULT NULL,
  PRIMARY KEY (`id`) USING BTREE
) ENGINE = InnoDB AUTO_INCREMENT = 2 CHARACTER SET = utf8 COLLATE = utf8_general_ci ROW_FORMAT = Compact;

-- ----------------------------
-- Records of tpa_hospital
-- ----------------------------
INSERT INTO `tpa_hospital` VALUES (1, 'dddd', '', '0890535589', 'ddd', 'dddd', 2, 'ddd', 1, '2020-04-23 13:32:39', '2020-04-23 13:32:39', NULL);

-- ----------------------------
-- Table structure for tpa_news
-- ----------------------------
DROP TABLE IF EXISTS `tpa_news`;
CREATE TABLE `tpa_news`  (
  `created_at` timestamp(0) NULL DEFAULT NULL,
  `updated_at` timestamp(0) NULL DEFAULT NULL,
  `deleted_at` timestamp(0) NULL DEFAULT NULL,
  `id` bigint(20) UNSIGNED NOT NULL AUTO_INCREMENT,
  `title` varchar(250) CHARACTER SET utf8 COLLATE utf8_general_ci NULL DEFAULT NULL,
  `description` text CHARACTER SET utf8 COLLATE utf8_general_ci NULL,
  PRIMARY KEY (`id`) USING BTREE
) ENGINE = InnoDB AUTO_INCREMENT = 2 CHARACTER SET = utf8 COLLATE = utf8_general_ci ROW_FORMAT = Compact;

-- ----------------------------
-- Records of tpa_news
-- ----------------------------
INSERT INTO `tpa_news` VALUES ('2020-04-18 07:30:15', '2020-04-22 12:43:39', NULL, 1, 'ทดสอบ', '<p>รายละเอียด</p><p><img src=\"http://www.tpacare.local/storage/files/2020/04/18/91404532_528706344498849_6271536886573957120_njpg.jpg\"><br></p>');

-- ----------------------------
-- Table structure for tpa_otp
-- ----------------------------
DROP TABLE IF EXISTS `tpa_otp`;
CREATE TABLE `tpa_otp`  (
  `id` int(11) NOT NULL AUTO_INCREMENT,
  `uid` int(11) NOT NULL DEFAULT 0,
  `otp_type` tinyint(4) NOT NULL DEFAULT 1 COMMENT '1=register,2=update profile',
  `mobile` varchar(10) CHARACTER SET utf8 COLLATE utf8_general_ci NOT NULL,
  `otp` varchar(6) CHARACTER SET utf8 COLLATE utf8_general_ci NOT NULL,
  `verified` tinyint(4) NOT NULL DEFAULT 0,
  `created_at` timestamp(0) NOT NULL DEFAULT CURRENT_TIMESTAMP,
  `expired_at` timestamp(0) NULL DEFAULT CURRENT_TIMESTAMP,
  `verified_at` timestamp(0) NULL DEFAULT NULL,
  PRIMARY KEY (`id`) USING BTREE
) ENGINE = InnoDB AUTO_INCREMENT = 11 CHARACTER SET = utf8 COLLATE = utf8_general_ci ROW_FORMAT = Compact;

-- ----------------------------
-- Records of tpa_otp
-- ----------------------------
INSERT INTO `tpa_otp` VALUES (1, 2, 1, '0890535589', '052594', -1, '2020-04-30 04:51:02', '2020-04-30 04:56:02', NULL);
INSERT INTO `tpa_otp` VALUES (2, 2, 1, '0890535589', '568888', 1, '2020-04-30 04:57:43', '2020-04-30 05:02:43', '2020-04-30 04:57:55');
INSERT INTO `tpa_otp` VALUES (3, 2, 1, '0890535589', '196814', 1, '2020-04-30 04:58:48', '2020-04-30 05:03:48', '2020-04-30 04:58:57');
INSERT INTO `tpa_otp` VALUES (4, 2, 2, '0861124455', '103319', -1, '2020-05-05 02:13:50', '2020-05-05 02:18:50', NULL);
INSERT INTO `tpa_otp` VALUES (5, 2, 2, '0861124455', '782725', -1, '2020-05-05 02:22:46', '2020-05-05 02:27:46', NULL);
INSERT INTO `tpa_otp` VALUES (6, 2, 2, '0861124455', '662407', 1, '2020-05-05 02:30:24', '2020-05-05 02:35:24', '2020-05-05 02:32:57');
INSERT INTO `tpa_otp` VALUES (7, 2, 3, '0890535589', '127799', 0, '2020-05-05 03:02:47', '2020-05-05 03:07:47', NULL);
INSERT INTO `tpa_otp` VALUES (8, 3, 1, '0890535589', '819561', -1, '2020-05-05 08:18:51', '2020-05-05 08:23:51', NULL);
INSERT INTO `tpa_otp` VALUES (9, 3, 1, '0891114455', '784293', 0, '2020-05-05 08:44:59', '2020-05-05 08:49:59', NULL);
INSERT INTO `tpa_otp` VALUES (10, 2, 2, '0861124455', '792669', 0, '2020-05-05 08:56:38', '2020-05-05 09:01:38', NULL);

-- ----------------------------
-- Table structure for tpa_promotions
-- ----------------------------
DROP TABLE IF EXISTS `tpa_promotions`;
CREATE TABLE `tpa_promotions`  (
  `id` bigint(20) UNSIGNED NOT NULL AUTO_INCREMENT,
  `name_th` varchar(250) CHARACTER SET utf8 COLLATE utf8_general_ci NULL DEFAULT NULL,
  `detail_th` text CHARACTER SET utf8 COLLATE utf8_general_ci NULL,
  `name_en` varchar(250) CHARACTER SET utf8 COLLATE utf8_general_ci NOT NULL,
  `detail_en` text CHARACTER SET utf8 COLLATE utf8_general_ci NOT NULL,
  `start_date` date NULL DEFAULT NULL,
  `end_date` date NULL DEFAULT NULL,
  `hospital_id` int(11) NOT NULL,
  `status` int(11) NULL DEFAULT NULL,
  `created_at` timestamp(0) NULL DEFAULT NULL,
  `updated_at` timestamp(0) NULL DEFAULT NULL,
  `deleted_at` timestamp(0) NULL DEFAULT NULL,
  PRIMARY KEY (`id`) USING BTREE
) ENGINE = InnoDB AUTO_INCREMENT = 1 CHARACTER SET = utf8 COLLATE = utf8_general_ci ROW_FORMAT = Compact;

-- ----------------------------
-- Table structure for tpa_users_device
-- ----------------------------
DROP TABLE IF EXISTS `tpa_users_device`;
CREATE TABLE `tpa_users_device`  (
  `udid` int(11) NOT NULL AUTO_INCREMENT,
  `uid` int(11) NOT NULL DEFAULT 0,
  `device_type` enum('android','ios') CHARACTER SET utf8 COLLATE utf8_general_ci NOT NULL,
  `device_token` varchar(250) CHARACTER SET utf8 COLLATE utf8_general_ci NOT NULL,
  `ip_address` varchar(30) CHARACTER SET utf8 COLLATE utf8_general_ci NOT NULL,
  `user_agent` varchar(250) CHARACTER SET utf8 COLLATE utf8_general_ci NOT NULL,
  `created_at` timestamp(0) NOT NULL DEFAULT CURRENT_TIMESTAMP,
  `login_at` timestamp(0) NOT NULL DEFAULT CURRENT_TIMESTAMP,
  PRIMARY KEY (`udid`) USING BTREE,
  UNIQUE INDEX `uid`(`uid`, `device_type`, `device_token`) USING BTREE
) ENGINE = InnoDB AUTO_INCREMENT = 2 CHARACTER SET = utf8 COLLATE = utf8_general_ci ROW_FORMAT = Compact;

-- ----------------------------
-- Records of tpa_users_device
-- ----------------------------
INSERT INTO `tpa_users_device` VALUES (1, 2, 'ios', 'xxxxxx', '127.0.0.1', 'PostmanRuntime/7.24.1', '2020-04-30 04:57:55', '2020-05-05 01:39:02');

-- ----------------------------
-- Table structure for users
-- ----------------------------
DROP TABLE IF EXISTS `users`;
CREATE TABLE `users`  (
  `id` bigint(20) UNSIGNED NOT NULL AUTO_INCREMENT,
  `name` varchar(255) CHARACTER SET utf8 COLLATE utf8_general_ci NOT NULL,
  `surname` varchar(250) CHARACTER SET utf8 COLLATE utf8_general_ci NOT NULL,
  `email` varchar(255) CHARACTER SET utf8 COLLATE utf8_general_ci NOT NULL,
  `email_verified_at` timestamp(0) NULL DEFAULT NULL,
  `mobile` varchar(10) CHARACTER SET utf8 COLLATE utf8_general_ci NOT NULL,
  `username` varchar(50) CHARACTER SET utf8 COLLATE utf8_general_ci NOT NULL,
  `password` varchar(255) CHARACTER SET utf8 COLLATE utf8_general_ci NOT NULL,
  `pin` varchar(32) CHARACTER SET utf8 COLLATE utf8_general_ci NULL DEFAULT NULL,
  `access_token` varchar(255) CHARACTER SET utf8 COLLATE utf8_general_ci NOT NULL DEFAULT '',
  `remember_token` varchar(250) CHARACTER SET utf8 COLLATE utf8_general_ci NULL DEFAULT NULL,
  `channel` tinyint(4) NOT NULL DEFAULT 1 COMMENT '1=backend,2=app',
  `photo` varchar(255) CHARACTER SET utf8 COLLATE utf8_general_ci NULL DEFAULT NULL,
  `cb_roles_id` int(11) NOT NULL DEFAULT 0,
  `status` int(11) NOT NULL DEFAULT 0 COMMENT '-1=deleted,0=registered,1=verified,2=suspend',
  `ip_address` varchar(45) CHARACTER SET utf8 COLLATE utf8_general_ci NULL DEFAULT NULL,
  `user_agent` varchar(255) CHARACTER SET utf8 COLLATE utf8_general_ci NULL DEFAULT NULL,
  `created_at` timestamp(0) NULL DEFAULT NULL,
  `updated_at` timestamp(0) NULL DEFAULT NULL,
  `login_at` timestamp(0) NULL DEFAULT NULL,
  PRIMARY KEY (`id`) USING BTREE,
  UNIQUE INDEX `users_email_unique`(`email`) USING BTREE,
  UNIQUE INDEX `username`(`username`) USING BTREE
) ENGINE = InnoDB AUTO_INCREMENT = 4 CHARACTER SET = utf8 COLLATE = utf8_general_ci ROW_FORMAT = Compact;

-- ----------------------------
-- Records of users
-- ----------------------------
INSERT INTO `users` VALUES (1, 'Sakda Srijumpa', '', 'sakda@gmail.com', NULL, '', '12345', '$2y$10$rKf8aBT9jdWlF5KyqVYZXeHZu1igIdR9Ki0RY1C6jAx8dgW1E7Are', NULL, 'tpacare2020', NULL, 1, NULL, 1, 0, '127.0.0.1', 'Mozilla/5.0 (Windows NT 10.0; Win64; x64) AppleWebKit/537.36 (KHTML, like Gecko) Chrome/81.0.4044.113 Safari/537.36', NULL, NULL, '2020-04-23 14:39:25');
INSERT INTO `users` VALUES (2, 'Sakda', 'Srijumpa', 'sakda', NULL, '0861124455', 'sakda', '$2y$10$KSUOvzQ0Ys3seJbz00eiEuczlW2v5CmX0POIHnQyHnLGZX8.CMy4S', 'e10adc3949ba59abbe56e057f20f883e', 'eyJ0eXAiOiJKV1QiLCJhbGciOiJIUzI1NiJ9.eyJ1aWQiOjIsInVkaWQiOjEsImlhdCI6MTU4ODYxNzU0MiwiZXhwIjoxNTg4NzAzOTQyfQ.9JW2R6AHVyYMAt8RVy_E1C4Rcli3tRQSIHklZBzEWHM', '', 2, NULL, 0, 1, '127.0.0.1', 'PostmanRuntime/7.24.1', '2020-04-30 04:51:02', '2020-05-05 08:59:08', '2020-05-05 01:39:02');
INSERT INTO `users` VALUES (3, 'Sakda', 'Srijumpa', 'ddddd', NULL, '0891114455', 'ddddd', '$2y$10$SahbIkq7xgba1epeAVoEl.kvAJaR4QpK2YwS/Al9teUO8d1p3oJjS', NULL, '', 'eyJpdiI6IkVBOEVZMkJzaVBTblNYUkhlbE5xaXc9PSIsInZhbHVlIjoidkxtRWpxdHBhbkgyd3J2b29uakRXZz09IiwibWFjIjoiMjg3NmVjNjg2M2UxYmUwZDIxYmIzNTA1YmFlNzBkNTliMTc5MzBkZjE1YzgyYzdkYjdkMzhiOGE0OGE1Yjc1YyJ9', 2, NULL, 0, 0, '127.0.0.1', 'PostmanRuntime/7.24.1', '2020-05-05 08:44:59', NULL, NULL);

-- ----------------------------
-- Triggers structure for table users
-- ----------------------------
DROP TRIGGER IF EXISTS `trg_users_before_insert`;
delimiter ;;
CREATE TRIGGER `trg_users_before_insert` BEFORE INSERT ON `users` FOR EACH ROW IF (NEW.email IS NULL OR NEW.email = '') THEN
            SET NEW.email = NEW.username;
       ELSEIF (NEW.username IS NULL OR NEW.username = '') THEN
            SET NEW.username = NEW.email;
      END IF
;;
delimiter ;

SET FOREIGN_KEY_CHECKS = 1;
